<?xml version="1.0" encoding="utf-8"?>
<openerp>
    <data>
		<menuitem
            action="tpt_purchase_product_category_action_form" id="purchase.menu_product_category_config_purchase"
            parent="purchase.menu_product_in_config_purchase" name="Material Categories" sequence="1" />
        
        <menuitem
            action="tpt_warehouse_product_category_action_form" id="stock.menu_product_category_config_stock"
            parent="stock.menu_product_in_config_stock" sequence="0"/>
            
        <!--<record model="ir.ui.menu" id="account.menu_finance">
	    	<field name="groups_id" eval="[(4, ref('green_erp_arulmani_purchase.group_vvti_purchase_user'))]"/>
		</record>-->
        <menuitem name="Accounting"
            id="account.menu_finance"
            groups="green_erp_arulmani_purchase.group_vvti_purchase_user,green_erp_arulmani_purchase.group_vvti_purchase_store_user"/>
            
        <menuitem name="Purchases"
            id="base.menu_purchase_root"
            groups="green_erp_arulmani_purchase.group_vvti_purchase_store_user,green_erp_arulmani_purchase.group_vvti_hrm_plant_mm_user,green_erp_arulmani_crm.group_qc_user"
            sequence="60"/>
            
        <menuitem action="purchase.purchase_form_action"
        	id="purchase.menu_purchase_form_action"
        	parent="purchase.menu_procurement_management" sequence="6"
        	groups="green_erp_arulmani_purchase.group_vvti_purchase_user,green_erp_arulmani_purchase.group_vvti_purchase_gm"/>
        
    </data>
</openerp>
