<?xml version="1.0" encoding="utf-8"?>
<openerp>
    <data noupdate='1'>
<!-- Indent Purchase VV Level Based -->
        <record id="sequence_indent_purchase_1" model="ir.sequence.type">
            <field name="name">VV Level Based</field>
            <field name="code">indent.purchase.based</field>
        </record>
        
        <record id="sequence_indent_purchase_1_item" model="ir.sequence">
            <field name="name">VV Level Based</field>
            <field name="code">indent.purchase.based</field>
            <field name="prefix">6</field>
            <field name="padding">6</field>
            <field name="number_next_actual">000001</field>
            <field name="implementation">no_gap</field>
        </record>

 <!-- Indent Purchase VV Capital -->
        <record id="sequence_indent_purchase_2" model="ir.sequence.type">
            <field name="name">VV Capital</field>
            <field name="code">indent.purchase.capital</field>
        </record>
        
        <record id="sequence_indent_purchase_2_item" model="ir.sequence">
            <field name="name">VV Capital</field>
            <field name="code">indent.purchase.capital</field>
            <field name="prefix">2</field>
            <field name="padding">6</field>
            <field name="number_next_actual">000001</field>
            <field name="implementation">no_gap</field>
        </record>
        
 <!-- Indent Purchase VV Local Purchase -->
        <record id="sequence_indent_purchase_3" model="ir.sequence.type">
            <field name="name">VV Local Purchase</field>
            <field name="code">indent.purchase.local</field>
        </record>
        
        <record id="sequence_indent_purchase_3_item" model="ir.sequence">
            <field name="name">VV Local Purchase</field>
            <field name="code">indent.purchase.local</field>
            <field name="prefix">8</field>
            <field name="padding">6</field>
            <field name="number_next_actual">000001</field>
            <field name="implementation">no_gap</field>
        </record>
        
 <!-- Indent Purchase VV Maintenance -->
        <record id="sequence_indent_purchase_4" model="ir.sequence.type">
            <field name="name">VV Maintenance</field>
            <field name="code">indent.purchase.maintenance</field>
        </record>
        
        <record id="sequence_indent_purchase_4_item" model="ir.sequence">
            <field name="name">VV Maintenance</field>
            <field name="code">indent.purchase.maintenance</field>
            <field name="prefix">1</field>
            <field name="padding">6</field>
            <field name="number_next_actual">000001</field>
            <field name="implementation">no_gap</field>
        </record>
        
 <!-- Indent Purchase VV Consumable -->
        <record id="sequence_indent_purchase_5" model="ir.sequence.type">
            <field name="name">VV Consumable</field>
            <field name="code">indent.purchase.consumable</field>
        </record>
        
        <record id="sequence_indent_purchase_5_item" model="ir.sequence">
            <field name="name">VV Consumable</field>
            <field name="code">indent.purchase.consumable</field>
            <field name="prefix">3</field>
            <field name="padding">6</field>
            <field name="number_next_actual">000001</field>
            <field name="implementation">no_gap</field>
        </record>
         
 <!-- Indent Purchase VV outside Service -->
        <record id="sequence_indent_purchase_6" model="ir.sequence.type">
            <field name="name">VV Outside Service</field>
            <field name="code">indent.purchase.outside</field>
        </record>
        
        <record id="sequence_indent_purchase_6_item" model="ir.sequence">
            <field name="name">VV Outside Service</field>
            <field name="code">indent.purchase.outside</field>
            <field name="prefix">4</field>
            <field name="padding">6</field>
            <field name="number_next_actual">000001</field>
            <field name="implementation">no_gap</field>
        </record>
     
 <!-- Indent Purchase VV Spare (Project) -->
        <record id="sequence_indent_purchase_7" model="ir.sequence.type">
            <field name="name">VV Spare (Project)</field>
            <field name="code">indent.purchase.spare</field>
        </record>
        
        <record id="sequence_indent_purchase_7_item" model="ir.sequence">
            <field name="name">VV Spare (Project)</field>
            <field name="code">indent.purchase.spare</field>
            <field name="prefix">1</field>
            <field name="padding">6</field>
            <field name="number_next_actual">000001</field>
            <field name="implementation">no_gap</field>
        </record>
        
<!-- Indent Purchase VV Service -->
        <record id="sequence_indent_purchase_8" model="ir.sequence.type">
            <field name="name">VV Service</field>
            <field name="code">indent.purchase.service</field>
        </record>
        
        <record id="sequence_indent_purchase_8_item" model="ir.sequence">
            <field name="name">VV Service</field>
            <field name="code">indent.purchase.service</field>
            <field name="prefix">9</field>
            <field name="padding">6</field>
            <field name="number_next_actual">000001</field>
            <field name="implementation">no_gap</field>
       </record>
       
<!-- Indent Purchase VV Normal PR -->
        <record id="sequence_indent_purchase_9" model="ir.sequence.type">
            <field name="name">VV Normal PR</field>
            <field name="code">indent.purchase.normal</field>
        </record>
        
        <record id="sequence_indent_purchase_9_item" model="ir.sequence">
            <field name="name">VV Normal PR</field>
            <field name="code">indent.purchase.normal</field>
            <field name="prefix">7</field>
            <field name="padding">6</field>
            <field name="number_next_actual">000001</field>
            <field name="implementation">no_gap</field>
        </record>
        
<!-- Indent Purchase VV Raw Material PR -->
        <record id="sequence_indent_purchase_raw" model="ir.sequence.type">
            <field name="name">VV Raw Material</field>
            <field name="code">indent.purchase.raw</field>
        </record>
        
        <record id="sequence_indent_purchase_raw_item" model="ir.sequence">
            <field name="name">VV Local Purchase</field>
            <field name="code">indent.purchase.raw</field>
            <field name="prefix">5</field>
            <field name="padding">6</field>
            <field name="number_next_actual">000001</field>
            <field name="implementation">no_gap</field>
        </record>
       
<!-- Purchase Order VV Asset PO -->
        <record id="sequence_purchase_order_asset_7" model="ir.sequence.type">
            <field name="name"> VV Asset PO</field>
            <field name="code">purchase.order.asset</field>
        </record>
        
        <record id="sequence_purchase_order_asset_item" model="ir.sequence">
            <field name="name"> VV Asset PO</field>
            <field name="code">purchase.order.asset</field>
            <field name="prefix">47</field>
            <field name="padding">6</field>
            <field name="number_next_actual">000001</field>
            <field name="implementation">no_gap</field>
        </record>

 <!-- Purchase Order VV Standard PO -->
        <record id="sequence_purchase_order_standard_6" model="ir.sequence.type">
            <field name="name">VV Standard PO</field>
            <field name="code">purchase.order.standard</field>
        </record>
        
        <record id="sequence_purchase_order_standard_item" model="ir.sequence">
            <field name="name">VV Standard PO</field>
            <field name="code">purchase.order.standard</field>
            <field name="prefix">45</field>
            <field name="padding">6</field>
            <field name="number_next_actual">000001</field>
            <field name="implementation">no_gap</field>
        </record>
        
 <!-- Purchase Order VV Local PO -->
        <record id="sequence_purchase_order_local_5" model="ir.sequence.type">
            <field name="name">VV Local PO</field>
            <field name="code">purchase.order.local</field>
        </record>
        
        <record id="sequence_purchase_order_local_item" model="ir.sequence">
            <field name="name">VV Local PO</field>
            <field name="code">purchase.order.local</field>
            <field name="prefix">48</field>
            <field name="padding">6</field>
            <field name="number_next_actual">000001</field>
            <field name="implementation">no_gap</field>
        </record>
      
<!-- Purchase Order VV Return PO -->
        <record id="sequence_purchase_order_return_4" model="ir.sequence.type">
            <field name="name">VV Return PO</field>
            <field name="code">purchase.order.return</field>
        </record>
        
        <record id="sequence_purchase_order_return_item" model="ir.sequence">
            <field name="name">VV Return PO</field>
            <field name="code">purchase.order.return</field>
            <field name="prefix">44</field>
            <field name="padding">6</field>
            <field name="number_next_actual">000001</field>
            <field name="implementation">no_gap</field>
        </record>
        
 <!-- Purchase Order VV Service PO -->
        <record id="sequence_purchase_order_service_3" model="ir.sequence.type">
            <field name="name">VV Service PO</field>
            <field name="code">purchase.order.service</field>
        </record>
        
        <record id="sequence_purchase_order_service_item" model="ir.sequence">
            <field name="name">VV Service PO</field>
            <field name="code">purchase.order.service</field>
            <field name="prefix">46</field>
            <field name="padding">6</field>
            <field name="number_next_actual">000001</field>
            <field name="implementation">no_gap</field>
        </record>
        
 <!-- Purchase Order VV Out Service PO -->
        <record id="sequence_purchase_order_out_service_2" model="ir.sequence.type">
            <field name="name">VV Out Service PO</field>
            <field name="code">purchase.order.out.service</field>
        </record>
        
        <record id="sequence_purchase_order_out_service_item" model="ir.sequence">
            <field name="name">VV Out Service PO</field>
            <field name="code">purchase.order.out.service</field>
            <field name="prefix">49</field>
            <field name="padding">6</field>
            <field name="number_next_actual">000001</field>
            <field name="implementation">no_gap</field>
        </record>
        
        
 <!-- Purchase Order VV Raw material PO -->
        <record id="sequence_purchase_order_raw_material_8" model="ir.sequence.type">
            <field name="name">VV Raw material PO</field>
            <field name="code">purchase.order.raw.material</field>
        </record>
        
        <record id="sequence_purchase_order_raw_material_item" model="ir.sequence">
            <field name="name">VV Raw material PO</field>
            <field name="code">purchase.order.raw.material</field>
            <field name="prefix">43</field>
            <field name="padding">6</field>
            <field name="number_next_actual">000001</field>
            <field name="implementation">no_gap</field>
        </record>        
         

    	<!-- Gate in Pass -->
		<record id="sequence_tpt_gate_in_pass_import_code" model="ir.sequence.type">
            <field name="name">Gate In Pass Import</field>
            <field name="code">tpt.gate.in.pass.import</field>
        </record>
        
        <record id="sequence_tpt_gate_in_pass_import_item" model="ir.sequence">
            <field name="name">Gate In Pass Import</field>
            <field name="code">tpt.gate.in.pass.import</field>
            <field name="prefix">VVTI/GIP/</field>
            <field name="padding">8</field>
            <field name="number_next_actual">00000001</field>
            <field name="implementation">no_gap</field>
        </record>
        
<!-- Purchase Quotation -->
        <record id="sequence_purchase_quotation" model="ir.sequence.type">
            <field name="name">Purchase Quotation</field>
            <field name="code">purchase.quotation</field>
        </record>
        
        <record id="sequence_purchase_quotation_item" model="ir.sequence">
            <field name="name">Purchase Quotation</field>
            <field name="code">purchase.quotation</field>
            <field name="prefix">Q1</field>
            <field name="padding">6</field>
            <field name="number_next_actual">000001</field>
            <field name="implementation">no_gap</field>
       </record> 
       
<!-- Incoming Shipments -->
		<record id="stock.seq_picking_in" model="ir.sequence">
            <field name="name">Picking IN</field>
            <field name="code">stock.picking.in</field>
            <field name="prefix">VVTi/GRN/</field>
            <field name="padding">8</field>
            <field name="company_id" eval="False"/>
        </record>  
        
        <!-- Gate Out Pass -->
		<record id="sequence_tpt_gate_out_pass_import_code" model="ir.sequence.type">
            <field name="name">Gate Out Pass Import</field>
            <field name="code">tpt.gate.out.pass.import</field>
        </record>
        
        <record id="sequence_tpt_gate_out_pass_import_item" model="ir.sequence">
            <field name="name">Gate Out Pass Import</field>
            <field name="code">tpt.gate.out.pass.import</field>
            <field name="prefix">VVTI/GOP/</field>
            <field name="padding">8</field>
            <field name="number_next_actual">00000001</field>
            <field name="implementation">no_gap</field>
        </record>
        
        <!-- Material Request -->
		<record id="sequence_tpt_material_request_import_code" model="ir.sequence.type">
            <field name="name">Material Request</field>
            <field name="code">tpt.material.request.import</field>
        </record>
        
        <record id="sequence_tpt_material_request_import_item" model="ir.sequence">
            <field name="name">Material Request Import</field>
            <field name="code">tpt.material.request.import</field>
            <field name="prefix">6</field>
            <field name="padding">6</field>
            <field name="number_next_actual">000001</field>
            <field name="implementation">no_gap</field>
        </record>

	<!-- Request For Quotation -->
        <record id="sequence_tpt_request_for_quotation_import_code" model="ir.sequence.type">
            <field name="name">Request For Quotation</field>
            <field name="code">tpt.rfq.import</field>
        </record>
        
        <record id="sequence_tpt_request_for_quotation_import_item" model="ir.sequence">
            <field name="name">Request For Quotation</field>
            <field name="code">tpt.rfq.import</field>
            <field name="prefix">RFQ</field>
            <field name="padding">7</field>
            <field name="number_next_actual">1000001</field>
            <field name="implementation">no_gap</field>
        </record>
        
	</data>
</openerp>