<?xml version="1.0" encoding="utf-8"?>
<openerp>
    <data>
    	<record id="tpt_stock_picking_in_tree" model="ir.ui.view">
            <field name="name">stock.picking.in.tree</field>
            <field name="model">stock.picking.in</field>
            <field name="inherit_id" ref="stock.view_picking_in_tree"/>
            <field name="arch" type="xml">
            	<tree colors="blue:state == 'draft';grey:state == 'done';red:state not in ('cancel', 'done') and date &lt; current_date" string="Picking list" position="replace">
	                <tree colors="blue:state == 'draft';grey:state == 'done';red:state not in ('cancel', 'done') and date &lt; current_date" string="Picking list">
	                    <field name="name"/>
	                    <field name="partner_id" string="Supplier"/>
	                    <field name="purchase_id"/>
	                    <field name="backorder_id" invisible="1"/>
	                    <field name="origin" invisible="1"/>
	                    <field name="date" string="GRN Date"/>
	                    <field name="document_type"/>
	                    <field name="warehouse"/>
	                    <field name="min_date" invisible="1"/>
	                    <field name="invoice_state" invisible="1" groups="account.group_account_invoice"/>
	                    <field name="stock_journal_id" invisible="1" widget="selection" groups="account.group_account_user"/>
	                    <field name="state" invisible="1"/>
	                </tree>
	            </tree>
            </field>
        </record>
        <record id="stock_picking_in_inherit_purchase_inherit" model="ir.ui.view">
            <field name="name">stock.picking.in.form</field>
            <field name="model">stock.picking</field>
            <field name="inherit_id" ref="purchase.stock_picking_in_inherit_purchase"/>
            <field name="arch" type="xml">
				<xpath expr="//field[@name='purchase_id']" position="attributes">
					<attribute name='options'>{'create': false, 'create_edit': false}</attribute>
				</xpath>
				<xpath expr="//field[@name='purchase_id']" position="attributes">
					<attribute name='on_change'>onchange_purchase_id(purchase_id)</attribute>
					<attribute name='readonly'>1</attribute>
				</xpath>
            	<xpath expr="//field[@name='purchase_id']" position="after">
            		<field name="po_date"/>
            	</xpath>
            </field>
        </record>
	   	<record id="tpt_stock_picking_in_form" model="ir.ui.view">
            <field name="name">stock.picking.in.form</field>
            <field name="model">stock.picking.in</field>
            <field name="inherit_id" ref="stock.view_picking_in_form"/>
            <field name="arch" type="xml">
            	<xpath expr="//field[@name='name']"  position="before">
            		<label for="name" string="GRN Document No" class="oe_inline"/>
            	</xpath>
            	<xpath expr="//field[@name='stock_journal_id']"  position="replace">
            		<field name="stock_journal_id" invisible="1"/>
            	</xpath>
            	<xpath expr="//field[@name='origin']"  position="replace">
            		<field name="origin" invisible="1"/>
            	</xpath>
            	<xpath expr="//field[@name='min_date']"  position="replace">
            		<field name="min_date" invisible="1"/>
            	</xpath>
            	<xpath expr="//field[@name='date']" position="attributes">
					<attribute name='string'>GRN Date</attribute>
				</xpath>
				<xpath expr="//field[@name='backorder_id']" position="attributes">
					<attribute name='invisible'>1</attribute>
				</xpath>
                <xpath expr="//field[@name='partner_id']" position="replace">
                    <field name="partner_id" readonly="1" options="{'create': false, 'create_edit': false}" on_change="onchange_partner_in(partner_id)" string="Supplier" domain="[('supplier','=',True)]" context="{'default_supplier':1,'default_customer':0}"/>
                    <field name="document_type"/>
                    <field name="warehouse" options="{'create': false, 'create_edit': false}"/>
                    <field name="gate_in_pass_no"/>
                    <field name="truck"/>
                    <field name="invoice_no"/>
                </xpath>
                <xpath expr="//field[@name='move_lines']" position="replace">
                    <field name="move_lines" string="Stock Move" context="{'address_in_id': partner_id, 'picking_type': 'in', 'form_view_ref':'stock.view_move_picking_form', 'tree_view_ref':'stock.view_move_picking_tree'}" options='{"reload_on_button": true}'>
						<tree editable='top' colors="grey:state == 'cancel';red:(state not in ('cancel','done')) and date > current_date" string="Moves">
		                    <field name="name" invisible="1"/>
		                    <field name="picking_id" string="Reference" invisible="1"/>
		                    <field name="origin" invisible="1"/>
		                    <field name="type" invisible="1" on_change="onchange_move_type(type)"/>
		                    <field name="create_date" invisible="1" groups="base.group_no_one"/>
		                    <field name="si_no" />
		                    <field name="po_indent_id" string="Purchse Indent" options="{'create': false, 'create_edit': false}"/>
		                    <field name="product_id" options="{'create': false, 'create_edit': false}" on_change="onchange_product_id(product_id,location_id,location_dest_id, False)"/>
		                    <field name="product_qty" on_change="onchange_quantity(product_id, product_qty, product_uom, product_uos)"/>
		                    <field name="product_uom" string="UOM" groups="product.group_uom"/>
		                    <field name="action_taken" on_change="onchange_action_taken(action_taken,product_id)"/>
		                    <field name="bin_location" options="{'create': false, 'create_edit': false}"/>
		                    <field name="product_uos" invisible="1" groups="product.group_uos"/>
		                    <button name="%(stock.move_scrap)d"
		                        string="Scrap Products" type="action"
		                        icon="terp-gtk-jump-to-ltr" context="{'scrap': True}"
		                        states="draft,waiting,confirmed,assigned" invisible="1"/>
		                    <field name="prodlot_id" invisible="1" groups="stock.group_production_lot" context="{'search_prodlot_by_batch_alot':1,'sale_id':parent.sale_id}" options="{'create': false, 'create_edit': false}"/>
		                    <button name="%(stock.track_line)d" string="Split in Serial Numbers" type="action"
		                        icon="gtk-justify-fill" attrs="{'invisible': [('prodlot_id','&lt;&gt;',False)]}"
		                        states="draft,waiting,confirmed,assigned,done"
		                        invisible="1"
		                        groups="stock.group_tracking_lot"/>
		                    <field name="tracking_id" invisible="1" groups="stock.group_tracking_lot"/>
		                    <button name="setlast_tracking" string="Put in current pack" type="object"
		                        groups="product.group_stock_packaging"
		                        icon="terp-accessories-archiver" attrs="{'invisible': [('tracking_id','&lt;&gt;',False)]}"
		                        states="draft,assigned,confirmed,done" invisible="1"/>
		                    <button name="%(stock.split_into)d" string="Put in a new pack" type="action"
		                        groups="product.group_stock_packaging"
		                        icon="terp-accessories-archiver+"
		                        states="draft,assigned,confirmed,done" invisible="1"/>
		                    <field name="location_id" invisible="1" groups="stock.group_locations"/>
		                    <field name="location_dest_id" invisible="1" groups="stock.group_locations"/>
		                    <field name="date" invisible="1" groups="base.group_no_one"/>
		                    <field name="date_expected" invisible="1"/>
		                    <field name="state" invisible="1"/>
		                    <button name="action_done" states="confirmed,assigned" string="Process" type="object" icon="gtk-go-forward" help="Done" invisible="1"/>
		                </tree>  
		            </field>                  
                </xpath>
            </field>
        </record>
		
		<record id="tpt_invoice_supplier_form" model="ir.ui.view">
            <field name="name">tpt.invoice.supplier.form</field>
            <field name="model">account.invoice</field>
            <field name="inherit_id" ref="account.invoice_supplier_form"/>
            <field name="arch" type="xml">
            	<xpath expr="//field[@name='partner_id']" position="attributes">
					<attribute name="readonly">1</attribute>
				</xpath>
            	<xpath expr="//field[@name='partner_id']"  position="before">
            		<field name="grn_no" options="{'create': false, 'create_edit': false}"/>
            	</xpath>
            	<xpath expr="//field[@name='account_id']"  position="after">
            		<field name="sale_tax_id" invisible = '1' domain="[('type_tax_use','=','purchase')]" options="{'create': false, 'create_edit': false}"/>
            	</xpath>
            	<xpath expr="//field[@name='fiscal_position']" position="attributes">
					<attribute name="invisible">1</attribute>
				</xpath>
				<xpath expr="//field[@name='origin']" position="attributes">
					<attribute name="invisible">1</attribute>
				</xpath>
				<xpath expr="//field[@name='supplier_invoice_number']" position="attributes">
					<attribute name="invisible">1</attribute>
				</xpath>
				<xpath expr="//label[@for='reference_type']" position="replace">
					<label string=""/>
				</xpath> 
				<xpath expr="//field[@name='reference_type']" position="attributes">
					<attribute name="invisible">1</attribute>
				</xpath>
				<xpath expr="//field[@name='reference']" position="attributes">
					<attribute name="invisible">1</attribute>
				</xpath>
			<!--	<xpath expr="//field[@name='date_due']" position="attributes">
					<attribute name="invisible">1</attribute>
				</xpath>  -->
				<xpath expr="//field[@name='journal_id']" position="attributes">
					<attribute name="invisible">1</attribute>
				</xpath>
				<xpath expr="//field[@name='invoice_line']" position="replace">
					<field context="{'partner_id': partner_id, 'price_type': context.get('price_type') or False, 'type': type}" name="invoice_line">
                        <tree string="Invoice lines" editable="top">
                            <field name="sequence" widget="handle" invisible="1"/>
                            <field name="product_id"
                                on_change="product_id_change(product_id, uos_id, quantity, name, parent.type, parent.partner_id, parent.fiscal_position, price_unit, parent.currency_id, context, parent.company_id)"/>
                            <field name="name"/>
                            <field name="company_id" invisible="1"/>
                            <field name="account_id" invisible="1" groups="account.group_account_user"
                                domain="[('company_id', '=', parent.company_id), ('journal_id', '=', parent.journal_id), ('type', '=', 'other')]"
                                on_change="onchange_account_id(product_id, parent.partner_id, parent.type, parent.fiscal_position,account_id)"/>
                            <field name="account_analytic_id" invisible="1" groups="analytic.group_analytic_accounting"
                                domain="[('type','!=','view'), ('company_id', '=', parent.company_id)]"/>
                            <field name="quantity"/>
                            <field name="uos_id" groups="product.group_uom"
                                on_change="uos_id_change(product_id, uos_id, quantity, name, parent.type, parent.partner_id, parent.fiscal_position, price_unit, parent.currency_id, context, parent.company_id)"/>
                            <field name="price_unit"/>
                            <field name="discount" invisible = '1' groups="sale.group_discount_per_so_line"/>
                            <field name="invoice_line_tax_id" widget="many2many_tags" context="{'type':parent.type}"
                                domain="[('parent_id','=',False),('company_id', '=', parent.company_id)]"/>
                            <field name="price_subtotal"/>
                        </tree>
                    </field>
				</xpath> 
            </field>
        </record>
    </data>
</openerp>