<?xml version="1.0" encoding="utf-8"?>
<openerp>
    <data>
    	<record id="view_tpt_mrp_process_tree" model="ir.ui.view">
			<field name="name">tpt.mrp.process.tree</field>
			<field name="model">tpt.mrp.process</field>
			<field name="arch" type="xml">
				<tree string="MRP Process">
						<field name="name"/>
						<field name="state" widget="statusbar" statusbar_visible="draft,cancel,approve" statusbar_colors='{"draft":"blue","cancel":"blue"}'/>
				</tree>
			</field>
		</record>
		
		<record id="view_tpt_mrp_process_form" model="ir.ui.view">
            <field name="name">tpt.mrp.process.form</field>
            <field name="model">tpt.mrp.process</field>
            <field name="arch" type="xml">
	            <form string="MRP Process" version="7.0">   
	             <header>
	    <!--         	<button name="bt_approve" states='draft' string="Approve" type="object" class="oe_highlight" groups="green_erp_arulmani_purchase.group_vvti_purchase_admin"/>  -->
	             	<button name="bt_cancel" states='draft' string="Cancel" type="object" class="oe_highlight" />
            		<button name="bt_run_mrp" attrs="{'invisible': [('name','=',False)]}" string="Run MRP Process" type="object" class="oe_highlight" groups="green_erp_arulmani_purchase.group_vvti_purchase_admin"/>
            		<button name="bt_generate_indent" string="Generate Indent" type="object" class="oe_highlight" attrs="{'invisible': ['|',('flag','=',True), ('state','not in',('approve'))]}" groups="green_erp_arulmani_purchase.group_vvti_purchase_admin"/>
                    <field name="state" widget="statusbar" statusbar_visible="draft,cancel,approve" statusbar_colors='{"draft":"blue","cancel":"blue"}'/>
	            </header>    
	            	<sheet>
	            		<group>
							<field name="name"/>
							<field name="flag" invisible='1'/>
						</group>
						<notebook>
							<page string = "MRP Line">
								<field name="mrp_process_line" nolabel='1'>
									<tree editable='top'>
										<field name="select"/>
										<field name="product_id" options="{'create': false, 'create_edit': false}"/>
										<field name="product_uom_qty"/>
										<field name="uom_po_id" options="{'create': false, 'create_edit': false}"/>
									</tree>
								</field>
							</page>
						</notebook>
		         	</sheet>
		         </form>
			</field>
		</record>
          
		<record id="action_view_tpt_mrp_process_form" model="ir.actions.act_window">
            <field name="name">MRP Process</field>
            <field name="type">ir.actions.act_window</field>
            <field name="res_model">tpt.mrp.process</field>
            <field name="view_type">form</field>
            <field name="view_mode">tree,form</field>
            <field name="view_id" ref="view_tpt_mrp_process_tree"/>
        </record>
        
        <menuitem action="action_view_tpt_mrp_process_form"
            id="menu_action_view_tpt_mrp_process_form"
            parent="purchase.menu_procurement_management" sequence="20"/>
    </data>
</openerp>
