<?xml version="1.0" encoding="utf-8"?>
<openerp>
	<data noupdate="0">
		<record model="ir.module.category" id="module_category_vvti_hrm">
	        <field name="name">VVTI - HRM</field>
	        <field name="sequence">0</field>
	    </record>
	    
	    <record id="group_vvti_hrm_hr_user" model="res.groups">
	        <field name="name">HR - User</field>
	        <field name="category_id" ref="module_category_vvti_hrm"/>
	        <field name="users" eval="[(4, ref('base.user_root'))]"/>
	        <field name="implied_ids" eval="[(4, ref('base.group_user'))]"/>
	    </record>
	    
	    <record id="group_vvti_hrm_hr_key_user" model="res.groups">
	        <field name="name">HR - Key User</field>
	        <field name="category_id" ref="module_category_vvti_hrm"/>
	        <field name="users" eval="[(4, ref('base.user_root'))]"/>
	        <field name="implied_ids" eval="[(4, ref('group_vvti_hrm_hr_user'))]"/>
	    </record>
	    
	    <record id="group_vvti_hrm_time_user" model="res.groups">
	        <field name="name">Time - User</field>
	        <field name="category_id" ref="module_category_vvti_hrm"/>
	        <field name="users" eval="[(4, ref('base.user_root'))]"/>
	        <field name="implied_ids" eval="[(4, ref('base.group_user'))]"/>
	    </record>
	    
	    <record id="group_vvti_hrm_time_key_user" model="res.groups">
	        <field name="name">Time - Key User</field>
	        <field name="category_id" ref="module_category_vvti_hrm"/>
	        <field name="users" eval="[(4, ref('base.user_root'))]"/>
	        <field name="implied_ids" eval="[(4, ref('base.group_user'))]"/>
	    </record>
	    
	    <record id="group_vvti_hrm_hr_manager" model="res.groups">
	        <field name="name">HR - Manager</field>
	        <field name="category_id" ref="module_category_vvti_hrm"/>
	        <field name="users" eval="[(4, ref('base.user_root'))]"/>
	        <field name="implied_ids" eval="[(4, ref('base.group_user'))]"/>
	    </record>
	    
	    <record id="group_vvti_hrm_payroll_controller" model="res.groups">
	        <field name="name">Payroll Controller</field>
	        <field name="category_id" ref="module_category_vvti_hrm"/>
	        <field name="users" eval="[(4, ref('base.user_root'))]"/>
	        <field name="implied_ids" eval="[(4, ref('base.group_user'))]"/>
	    </record>
	    
	    <record id="group_vvti_hrm_admin" model="res.groups">
	        <field name="name">Admin</field>
	        <field name="category_id" ref="module_category_vvti_hrm"/>
	        <field name="users" eval="[(4, ref('base.user_root'))]"/>
	        <field name="implied_ids" eval="[(4, ref('base.group_hr_manager')),(4, ref('group_vvti_hrm_hr_user')),(4, ref('group_vvti_hrm_hr_key_user')),(4, ref('group_vvti_hrm_time_key_user')),(4, ref('group_vvti_hrm_time_user')),(4, ref('group_vvti_hrm_hr_manager')),(4, ref('group_vvti_hrm_payroll_controller'))]"/>
	    </record>
	    
	</data>
</openerp>
