<?xml version="1.0" encoding="utf-8"?>
<openerp>
    <data>
        <!-- Attachment -->
        <record id="vsis_view_attachment_form" model="ir.ui.view">
            <field name="model">hr.qualification.attachment</field>
            <field name="arch" type="xml">
                <form string="Qualification Attachments" create="false" version="7.0">
                   <sheet>
                   		<group>
                        	<field name="name"/>
                        </group>
                        <group>
	                    	<field name="institution"/>
	                		<field name="board_university" />
	                		<field name="year_of_passing"/>
	                		<field name="percentage"/>
	                		<field name="datas" filename="datas_fname" />
	                        <field name="datas_fname"  class="oe_inline oe_right"/>
	                    </group>
                  </sheet>
                </form>
            </field>
        </record>
        <record id="vsis_view_attachment_tree" model="ir.ui.view">
            <field name="model">hr.qualification.attachment</field>
            <field name="arch" type="xml">
                <tree string="Qualification Attachments" create="false">
                    <field name="name"/>
                	<field name="institution"/>
            		<field name="board_university" />
            		<field name="year_of_passing"/>
            		<field name="percentage"/>
            		<field name="datas" filename="datas_fname" />
                </tree>
            </field>
        </record>
        <record id="vsis_view_attachment_search" model="ir.ui.view">
            <field name="model">hr.qualification.attachment</field>
            <field name="arch" type="xml">
                <search string="Attachments">
                    <field name="name" filter_domain="['|', ('name','ilike',self), ('datas_fname','ilike',self)]" string="Attachment"/>
                </search>
            </field>
        </record>
        <record id="vsis_action_attachment" model="ir.actions.act_window">
            <field name="name">Qualification Attachments</field>
            <field name="type">ir.actions.act_window</field>
            <field name="res_model">hr.qualification.attachment</field>
            <field name="view_type">form</field>
            <field name="view_id" eval="False"/>
            <field name="search_view_id" ref="vsis_view_attachment_search"/>
        </record>
        <menuitem action="vsis_action_attachment" id="vsis_menu_action_attachment" parent="hr.menu_hr_main"/>

    </data>
</openerp>
