<?xml version="1.0" encoding="utf-8"?>
<openerp>
    <data>
    	<menuitem name="Global Master"
            id="menu_global_master"
            parent="base.menu_base_partner"
            sequence="2" groups="base.group_erp_manager,group_readonly"/>
            
        <menuitem action="base.action_country" id="base.menu_country_partner" parent="menu_global_master" sequence="0" groups="base.group_no_one"/>        
        <menuitem action="base.action_country_state" id="base.menu_country_state_partner" name="State" parent="menu_global_master" sequence="1" groups="base.group_no_one"/>        
        <menuitem action="product.product_uom_categ_form_action" id="product.menu_product_uom_categ_form_action" parent="menu_global_master" sequence="2" groups="base.group_no_one"/>       
        <menuitem action="base.action_currency_form" id="base.menu_action_currency_form" parent="menu_global_master" sequence="3" groups="base.group_multi_currency"/>
        
        <menuitem name="VVTI Master"
            id="menu_vvti_master"
            parent="base.menu_base_partner"
            sequence="2" groups="base.group_erp_manager,group_readonly"/>
        
        <menuitem action="base.action_res_company_form" id="base.menu_action_res_company_form" parent="menu_vvti_master" sequence="0" />        
        <menuitem action="action_crm_leadsource_tree_view" id="menu_action_crm_leadsource_tree_view" name="Lead Source" sequence="1" parent="menu_vvti_master"/>        
        <menuitem action="base.action_res_bank_form" id="base.menu_action_res_bank_form" parent="menu_vvti_master" sequence="2" groups="base.group_no_one"/>       
        <menuitem action="base.action_res_partner_bank_account_form" id="base.menu_action_res_partner_bank_form" parent="menu_vvti_master" groups="base.group_no_one" sequence="3"/>
        <menuitem action="product.product_normal_action_sell" id="product.menu_products" parent="menu_vvti_master" sequence="4"/>        
        <menuitem action="vsis_action_crm_application" id="vsis_menu_crm_application" parent="menu_vvti_master" sequence="5"/>        
        <menuitem id="account.next_id_27" name="Taxes" parent="menu_vvti_master" sequence="6"/>        
        <menuitem action="stock.action_incoterms_tree" id="stock.menu_action_incoterm_open" parent="menu_vvti_master" sequence="7"/>        
        <!--<menuitem action="hr.open_view_employee_list_my" id="vsis_menu_open_view_employee_list_my" sequence="8" parent="menu_vvti_master"/>-->        
        <menuitem action="account.action_payment_term_form" id="account.menu_action_payment_term_form" parent="menu_vvti_master" sequence="9"/>            
        <menuitem action="crm.crm_case_channel_action" id="crm.menu_crm_case_channel" parent="menu_vvti_master" sequence="10" groups="base.group_no_one"/>        
        <menuitem action="crm.crm_case_section_act" id="vsis_menu_crm_case_section_act" sequence="11" parent="menu_vvti_master"/>        
        <menuitem action="base.res_lang_act_window" id="vsis_menu_res_lang_act_window" parent="menu_vvti_master"  sequence="12"/>
        <menuitem action="vsis_action_sales_organization_code" id="vsis_menu_sales_organization_code" sequence="13" parent="menu_vvti_master"/>
        <menuitem action="vsis_action_customer_account_group" id="vsis_menu_customer_account_group" sequence="14" parent="menu_vvti_master"/>
        <menuitem action="vsis_action_sort_key" id="vsis_menu_sort_key" sequence="15" parent="menu_vvti_master"/>
        <menuitem action="vsis_action_tax_classification" id="vsis_menu_tax_classification" sequence="16" parent="menu_vvti_master"/>
        <menuitem action="vsis_action_tax_number_2" id="vsis_menu_tax_number_2" sequence="17" parent="menu_vvti_master"/>
        <menuitem action="vsis_action_account_assign_group" id="vsis_menu_account_assign_group" sequence="19" parent="menu_vvti_master"/> 
        <menuitem action="vsis_action_customer_statistics_group" id="vsis_menu_customer_statistics_group" sequence="20" parent="menu_vvti_master"/> 
        <menuitem action="vsis_action_price_group" id="vsis_menu_price_group" sequence="21" parent="menu_vvti_master"/> 
        <menuitem action="vsis_action_division_code" id="vsis_menu_division_code" sequence="23" parent="menu_vvti_master"/> 
        <menuitem action="vsis_action_tax_category" id="vsis_menu_tax_category" sequence="24" parent="menu_vvti_master"/> 
        <menuitem action="vsis_action_tax_number_1" id="vsis_menu_tax_number_1" sequence="25" parent="menu_vvti_master"/>
        <menuitem action="vsis_action_credit_control_area" id="vsis_menu_credit_control_area" sequence="26" parent="menu_vvti_master"/>
        <menuitem action="vsis_action_shipping_conditions" id="vsis_menu_shipping_conditions" sequence="27" parent="menu_vvti_master"/> 
        <menuitem action="vsis_action_cust_pric_procedure" id="vsis_menu_cust_pric_procedure" sequence="28" parent="menu_vvti_master"/>
        <menuitem action="vsis_action_customer_group" id="vsis_menu_customer_group" sequence="29" parent="menu_vvti_master"/>
        <menuitem action="vsis_action_order_probability" id="vsis_menu_order_probability" sequence="30" parent="menu_vvti_master"/> 
        <menuitem action="vsis_action_reconciliation_acct" id="vsis_menu_reconciliation_acct" sequence="31" parent="menu_vvti_master"/>
    
        
    </data>
</openerp>
