<?xml version="1.0" encoding="utf-8"?>
<openerp>
    <data>
    
		<record id="vsis_view_quotation_tree" model="ir.ui.view">
            <field name="name">vsis.sale.order.tree</field>
            <field name="model">crm.sale.order</field>
            <field name="arch" type="xml">
                <tree string="Quotation" create="false" colors="grey:state=='cancel';blue:state in ('waiting_date','manual');red:state in ('invoice_except','shipping_except')">
                    <field name="name" string="Quotation Number"/>
                    <field name="date_order"/>
                    <field name="partner_id"/>
                    <field name="user_id"/>
                    <field name="amount_total" sum="Total Tax Included"/>
                    <field name="state"/>
                </tree>
            </field>
        </record>
		
        <record id="crm_sale_order_form" model="ir.ui.view">
            <field name="name">crm.sale.order.form</field>
            <field name="model">crm.sale.order</field>
            <field name="arch" type="xml">
                	<form string="Quotation" create="false" version="7.0">
	                    <header>
	                        <button name="action_button_view_partner" attrs="{'invisible': [('state', '!=', 'draft')]}" string="Confirm Quote" type="object"/>
	                        <button name="action_cancel" attrs="{'invisible': [('state', '=', 'cancel')]}" string="Cancel Quotation" type="object"/>
	                        <button name="copy_quotation" states="cancel" string="New Copy of Quotation" type="object"/>
	                        <field name="state" widget="statusbar" statusbar_visible="draft,done"/>
	                	</header>	
	                	<sheet>
                    	<h1>
	                        <label string="Quotation "/>
	                        <field name="name" class="oe_inline" readonly="1"/>
                    	</h1>
                    	<group>
	                        <group>
	                            <field name="lead_id" on_change="onchange_lead_id(lead_id, context)" widget="selection"/>
								<field name="quotation_type" on_change="onchange_quotation_type(quotation_type, context)"/>
								<field name="currency_id"/>
								<field name="bank_account_id" widget="selection"/>
								<field name="incoterm" widget="selection"/>
	                        </group>
	                        <group>
	                            <field name="partner_id" invisible='1'/>
	                            <field name="date_order"/>
	                            <field name="shop_id" groups="base.group_no_one" on_change="onchange_shop_id(shop_id, context)" widget="selection" invisible = "1"/>
	                            <field name="client_order_ref"/>
	                            <field domain="[('type','=','sale')]" name="pricelist_id" groups="product.group_sale_pricelist" on_change="onchange_pricelist_id(pricelist_id,order_line)"/>
	                            <field name="commission_type_id"/>
	                            <field name="commission_rate"/>
	                        </group>
                    	</group>
                    	<group col="2">
                    			<field name="picking_details" />
                    			<field name="description" />
                    	</group>
                    	<notebook>
	                        <page string="Order Lines">
	                            <field name="order_line">
	                                
	                                <tree string="Sales Order Lines" editable="bottom">
										<field name="sequence" widget="handle"/>
										<field name="state" invisible="1"/>
										<field name="th_weight" invisible="1"/>
										<field name="product_id" widget="selection"
											context="{'partner_id':parent.partner_id, 'quantity':product_uom_qty, 'pricelist':parent.pricelist_id, 'shop':parent.shop_id, 'uom':False}"
											groups="base.group_user" 
											on_change="product_id_change(parent.pricelist_id, product_id, product_uom_qty, False, False, False, name, parent.partner_id, False, True, parent.date_order, False, parent.fiscal_position, False, context)"/>
										<field name="name"/>
										<field name="application_id" widget="selection"/>
										<field name="product_uom_qty"                        
											context="{'partner_id':parent.partner_id, 'quantity':product_uom_qty, 'pricelist':parent.pricelist_id, 'shop':parent.shop_id, 'uom':False}"
											on_change="product_id_change(parent.pricelist_id, product_id, product_uom_qty, False, False, False, name, parent.partner_id, False, False, parent.date_order, False, parent.fiscal_position, True, context)"/>
										<field name="price_unit" />
										<field name="ex_duty" domain="[('type_tax_use','=','excise_duty')]" widget="selection" />
										<field name="price_subtotal"/>
										<field name="sub_tax" domain="[('type_tax_use','=','sale')]" widget="selection" />
										<field name="tax" />
										<field name="tax_amt"/>
									</tree>
	                            </field>
	                            <group class="oe_subtotal_footer oe_right" colspan="2" name="sale_total">
	                                <field name="amount_untaxed" widget='monetary' options="{'currency_field': 'currency_id'}"/>
	                                <field name="amount_tax" widget='monetary' options="{'currency_field': 'currency_id'}"/>
	                                <field name="commission_amount" widget='monetary' options="{'currency_field': 'currency_id'}" />
	                                <div class="oe_subtotal_footer_separator oe_inline">
	                                    <label for="amount_total" />
	                                    <button name="button_dummy"
	                                        states="draft,sent" string="(update)" type="object" class="oe_edit_only oe_link"/>
	                                </div>
	                                <field name="amount_total" nolabel="1" class="oe_subtotal_footer_separator" widget='monetary' options="{'currency_field': 'currency_id'}"/>
	                            </group>
	                            <div class="oe_clear"/>
	                            <field name="note" class="oe_inline" placeholder="Terms and conditions..."/>
	                        </page>
	                        <page string="Other Information" groups="base.group_user">
	                            <group>
	                                <group name="sales_person" groups="base.group_user">
	                                    <field name="user_id"/>
	                                    <field groups="base.group_no_one" name="origin"/>
	                                </group>
	                                <group name="sale_pay">
	                                    <field name="payment_term" widget="selection"/>
	                                    <field name="fiscal_position" widget="selection"/>
	                                    <field name="company_id" widget="selection" groups="base.group_multi_company"/>
	                                </group>
	                            </group>
	                        </page>
	                    </notebook>
	                </sheet>
	                <div class="oe_chatter">
	                    <field name="message_follower_ids" widget="mail_followers" groups="base.group_user"/>
	                    <field name="message_ids" widget="mail_thread"/>
	                </div>

				</form>
                
            </field>
        </record> 
        
        <record id="action_crm_sale_order" model="ir.actions.act_window">
            <field name="name">Quotations</field>
            <field name="res_model">crm.sale.order</field>
            <field name="type">ir.actions.act_window</field>
            <field name="view_type">form</field>
            <field name="view_mode">tree,form</field>
        </record>

        <menuitem action="action_crm_sale_order" id="vsis_menu_action_crm_sale_order" parent="base.menu_sales" sequence="3"/>
        
        <record id="sale.action_orders" model="ir.actions.act_window">
            <field name="name">Sales Orders</field>
            <field name="type">ir.actions.act_window</field>
            <field name="res_model">sale.order</field>
            <field name="view_type">form</field>
            <field name="view_mode">tree,form,calendar,graph</field>
            <field name="search_view_id" ref="sale.view_sales_order_filter"/>
            <field name="context">{}</field>
            <field name="domain">[]</field>
            <field name="help" type="html">
              <p class="oe_view_nocontent_create">
                Click to create a quotation that can be converted into a sales
                order.
              </p><p>
                OpenERP will help you efficiently handle the complete sales flow:
                quotation, sales order, delivery, invoicing and payment.
              </p>
            </field>
        </record>
            
        <menuitem id="sale.menu_sale_quotations"
        action="sale.action_quotations" parent="base.menu_sales"
        sequence="4" groups="group_invisible"/>
        
        
        
    </data>
</openerp>
