<?xml version="1.0" encoding="utf-8"?>
<openerp>
<data noupdate="0">
     <record id="group_sample_user" model="res.groups">
        <field name="name">Sample User</field>
        <field name="implied_ids" eval="[(4, ref('base.group_sale_salesman'))]"/>
     </record>
     <record id="group_sample_manager" model="res.groups">
        <field name="name">Sample Manager</field>
        <field name="implied_ids" eval="[(4, ref('group_sample_user'))]"/>
     </record>
     <record id="group_sample_gm" model="res.groups">
        <field name="name">Sample GM</field>
        <field name="implied_ids" eval="[(4, ref('group_sample_manager'))]"/>
     </record>

    <record id="group_qc_user" model="res.groups">
        <field name="name">QC – User</field>
    </record>
	
	<record id="group_qc_manager" model="res.groups">
        <field name="name">QC – Manager</field>
        <field name="implied_ids" eval="[(4, ref('group_qc_user'))]"/>
    </record>
    
    <record id="group_qc_gm" model="res.groups">
        <field name="name">QC – GM</field>
        <field name="implied_ids" eval="[(4, ref('group_qc_manager'))]"/>
    </record>
    
    <record id="group_hr_key_user" model="res.groups">
        <field name="name">HR – Key User</field>
    </record>
    
    <record id="group_payroll_controller" model="res.groups">
        <field name="name">Payroll Controller</field>
    </record>
    
    <record id="group_readonly" model="res.groups">
        <field name="name">Acess Right Readonly</field>
    </record>
    
    <record id="group_invisible" model="res.groups">
        <field name="name">Invisible</field>
    </record>
     
</data>
</openerp>
