<?xml version="1.0" encoding="utf-8"?>
<openerp>
    <data noupdate="1">
    
    <!--  <record id="action_1" model="hr.employee.sub.category">
          <field name="name">MA</field>
          <field name="code">MA</field>
      </record>
      <record id="action_2" model="hr.employee.sub.category">
          <field name="name">MB</field>
          <field name="code">MB</field>
      </record>
      <record id="action_3" model="hr.employee.sub.category">
          <field name="name">MC</field>
          <field name="code">MC</field>
      </record>
      <record id="action_4" model="hr.employee.sub.category">
          <field name="name">MD</field>
          <field name="code">MD</field>
      </record>
      <record id="action_5" model="hr.employee.sub.category">
          <field name="name">ME</field>
          <field name="code">ME</field>
      </record>
      <record id="action_6" model="hr.employee.sub.category">
          <field name="name">ME</field>
          <field name="code">ME</field>
      </record>      
      <record id="action_7" model="hr.employee.sub.category">
          <field name="name">MG</field>
          <field name="code">MG</field>
      </record>
      <record id="action_8" model="hr.employee.sub.category">
          <field name="name">MH</field>
          <field name="code">MH</field>
      </record>
      <record id="action_9" model="hr.employee.sub.category">
          <field name="name">MI</field>
          <field name="code">MI</field>
      </record>
      <record id="action_10" model="hr.employee.sub.category">
          <field name="name">W1</field>
          <field name="code">W1</field>
      </record>
      <record id="action_11" model="hr.employee.sub.category">
          <field name="name">W2</field>
          <field name="code">W2</field>
      </record>
      <record id="action_12" model="hr.employee.sub.category">
          <field name="name">W3</field>
          <field name="code">W3</field>
      </record>
      <record id="action_13" model="hr.employee.sub.category">
          <field name="name">T2</field>
          <field name="code">T21</field>
      </record>
      <record id="action_14" model="hr.employee.sub.category">
          <field name="name">T1</field>
          <field name="code">T11</field>
      </record>
      <record id="action_category_1" model="vsis.hr.employee.category">
          <field name="name">Executives</field>
          <field name="code">S1</field>
          <field name="sub_category_ids" eval="[(4, ref('action_1')),(4, ref('action_2')),(4, ref('action_3')),(4, ref('action_4'))]"/>
      </record> 
      <record id="action_category_2" model="vsis.hr.employee.category">
          <field name="name">Staff</field>
          <field name="code">S2</field>
          <field name="sub_category_ids" eval="[(4, ref('action_5')),(4, ref('action_6')),(4, ref('action_7')),(4, ref('action_8')),(4, ref('action_9')),(4, ref('action_14'))]"/>
      </record>
      <record id="action_category_3" model="vsis.hr.employee.category">
          <field name="name">Workers</field>
          <field name="code">S3</field>
          <field name="sub_category_ids" eval="[(4, ref('action_10')),(4, ref('action_11')),(4, ref('action_12')),(4, ref('action_13'))]"/>
      </record> -->

    </data>
</openerp>
