<?xml version="1.0" encoding="utf-8"?>
<openerp>
    <data>
    	<record id="arul_hr_contract_view_form_inherit" model="ir.ui.view">
            <field name="name">arul.hr.contract.form.inherit</field>
            <field name="model">hr.contract</field>
            <field name="inherit_id" ref="hr_contract.hr_contract_view_form"/>
            <field name="arch" type="xml">
				<xpath expr="//field[@name='employee_id']" position="replace">
					<field name="employee_id" options="{'create': false, 'create_edit': false}"/>
				</xpath>
				<xpath expr="//field[@name='job_id']" position="replace">
					<field name="job_id" options="{'create': false, 'create_edit': false}"/>
				</xpath>
				<xpath expr="//field[@name='type_id']" position="replace">
					<field name="type_id" options="{'create': false, 'create_edit': false}"/>
				</xpath>
				<xpath expr="//field[@name='working_hours']" position="replace">
					<field name="working_hours" options="{'create': false, 'create_edit': false}"/>
				</xpath>
			</field>
		</record>
    </data>
</openerp>
