<?xml version="1.0" encoding="utf-8"?>
<openerp>
    <data>
    
    <menuitem parent="hr.menu_hr_configuration" id="hr.menu_hr_job" action="hr.action_hr_job" name="Designation" sequence="6"/>
    
    <record id="view_hr_department_customize" model="ir.ui.view">
            <field name="name">hr.department.customize</field>
            <field name="model">hr.department</field>
            <field name="inherit_id" ref="hr.view_department_form"/>
            <field name="arch" type="xml">
                <xpath expr="//field[@name='name']" position="before">
                    <field name = "code"/>
                </xpath>
                <xpath expr="//field[@name='manager_id']" position="replace">
                    <field name = "manager_id" options="{'create': false, 'create_edit': false}"/>
                </xpath>
                <xpath expr="//field[@name='parent_id']" position="replace">
                    <field name = "parent_id" options="{'create': false, 'create_edit': false}"/>
                </xpath>
                <xpath expr="//field[@name='parent_id']" position="after">
                    <field name = "primary_auditor_id" options="{'create': false, 'create_edit': false}"/>
                    <field name = "secondary_auditor_id" options="{'create': false, 'create_edit': false}"/>
                </xpath>
                <xpath expr="//sheet/group[@col='4']" position="after">
                    <notebook>
                    
                    <page string = 'Sections'>
                    
                    <field name = "section_ids" />
                    
                    </page>
                    
                    <page string = 'Designation and Resource Budgets'>
                    	<field name="designation_line" nolabel='1'>
                    		<tree editable='bottom'>
                   				 <field name = "designation_id" options="{'create': false, 'create_edit': false}"/>
                   				 <field name = "number" />
                    			 <field name = "resource_budget" />
                    		</tree>
	                    </field>
                    </page>
                    
                    </notebook>
                </xpath>
                
            </field>
        </record>
      
     <record id="view_arul_hr_section_tree_vew" model="ir.ui.view">
			<field name="name">arul.hr.section.tree</field>
			<field name="model">arul.hr.section</field>
			<field name="arch" type="xml">
				<tree string="Sections">
				
					<field name="code"/>
					<field name="name"/>
					
				</tree>
			</field>
		</record>
		
		
		<record id="view_arul_hr_section_form_vew" model="ir.ui.view">
            <field name="name">arul.hr.section.form</field>
            <field name="model">arul.hr.section</field>
            <field name="arch" type="xml">
            <form string="Sections" version="7.0">   
            	<sheet>
                
	                <group>    
	                <field name="code"/>
					<field name="name"/>
	                </group>   	
	            
	         </sheet>
	         </form>
	     	 </field>
          </record>
          
          <record id="action_view_arul_hr_section_form" model="ir.actions.act_window">
         	
            <field name="name">Sections</field>
            <field name="type">ir.actions.act_window</field>
            <field name="res_model">arul.hr.section</field>
            <field name="view_type">form</field>
            <field name="view_mode">tree,form</field>
            <field name="view_id" ref="view_arul_hr_section_tree_vew"/>
        </record>
        
        <menuitem action="action_view_arul_hr_section_form" id="menu_action_view_arul_hr_section_form" parent="hr.menu_hr_configuration" sequence="6"/>
        
         
    
    
      
    </data>
    
</openerp>
