<?xml version="1.0" encoding="utf-8"?>
<openerp>
    <data>
		
		<record id="view_hr_plant_search_vew" model="ir.ui.view">
			<field name="name">hr_plant.search</field>
			<field name="model">hr.plant</field>
			<field name="arch" type="xml">
				<search string="Plant">
					<field name="code"/>
					<field name="name"/>
				</search>
			</field>
		</record>

		<record id="view_hr_plant_tree_vew" model="ir.ui.view">
			<field name="name">hr_plant.tree</field>
			<field name="model">hr.plant</field>
			<field name="arch" type="xml">
				<tree string="Plant">
					<field name="code"/>
					<field name="name"/>
					<field name="active"/>
				</tree>
			</field>
		</record>
		
		<record id="view_hr_plant_form_vew" model="ir.ui.view">
            <field name="name">hr_plant.form</field>
            <field name="model">hr.plant</field>
            <field name="arch" type="xml">
                <form string="Plant" version="7.0">    
                	<sheet>
	                    <group>
	                    	<field name="code"/>
	                    	<field name="name"/>
	                    	<field name="active"/>
	               	  	</group>
                	</sheet>
                </form>
            </field>
        </record>     
		
		<record id="action_hr_plant_form" model="ir.actions.act_window">
            <field name="name">Plant</field>
            <field name="type">ir.actions.act_window</field>
            <field name="res_model">hr.plant</field>
            <field name="view_type">form</field>
            <field name="view_mode">tree,form</field>
            <field name="view_id" ref="view_hr_plant_tree_vew"/>
        </record>
        
        <menuitem action="action_hr_plant_form"
            id="menu_action_hr_plant_form"
            parent="hr.menu_hr_main" sequence="24"/>
		
		<record id="view_arul_employee_category_search_vew" model="ir.ui.view">
			<field name="name">vsis.employee.category.search</field>
			<field name="model">vsis.hr.employee.category</field>
			<field name="arch" type="xml">
				<search string="Employee Category">
					<field name="code"/>
					<field name="name"/>
				</search>
			</field>
		</record>

		<record id="view_arul_employee_category_tree_vew" model="ir.ui.view">
			<field name="name">vsis.employee.category.tree</field>
			<field name="model">vsis.hr.employee.category</field>
			<field name="arch" type="xml">
				<tree string="Employee Category">
					<field name="code"/>
					<field name="name"/>
					<field name="active"/>
				</tree>
			</field>
		</record>
		
		<record id="view_arul_employee_category_form_vew" model="ir.ui.view">
            <field name="name">arul.employee.category.form</field>
            <field name="model">vsis.hr.employee.category</field>
            <field name="arch" type="xml">
                <form string="Employee Category" version="7.0">    
                	<sheet>
	                    <group>
	                    	<field name="code"/>
	                    	<field name="name"/>
	                    	<field name="active"/>
	               	  	</group>
	               	  	<group string = "Sub Category">
		                    <group >
		                    	<field name="sub_category_ids" nolabel='1'>
		                    		<tree editable='top'>
		                    			<field name="code"/>
										<field name="name"/>
		                    		</tree>
		                    	</field>
		                    </group>
	                    </group>
                	</sheet>
                </form>
            </field>
        </record>     
		
		<record id="action_arul_employee_category_form" model="ir.actions.act_window">
            <field name="name">Employee Category</field>
            <field name="type">ir.actions.act_window</field>
            <field name="res_model">vsis.hr.employee.category</field>
            <field name="view_type">form</field>
            <field name="view_mode">tree,form</field>
            <field name="view_id" ref="view_arul_employee_category_tree_vew"/>
        </record>
        
        <menuitem action="action_arul_employee_category_form"
            id="menu_action_arul_employee_category_form"
            parent="hr.menu_hr_main" sequence="24" groups='group_vvti_hrm_admin'/>
		
		<record id="view_arul_employee_sub_category_search_vew" model="ir.ui.view">
			<field name="name">vsis.employee.sub.category.search</field>
			<field name="model">hr.employee.sub.category</field>
			<field name="arch" type="xml">
				<search string="Employee Sub Category">
					<field name="code"/>
					<field name="name"/>
				</search>
			</field>
		</record>
		
		<record id="view_arul_employee_sub_category_tree_vew" model="ir.ui.view">
			<field name="name">vsis.employee.sub.category.tree</field>
			<field name="model">hr.employee.sub.category</field>
			<field name="arch" type="xml">
				<tree string="Employee Sub Category">
					<field name="code"/>
					<field name="name"/>
					<field name="category_id"/>
				</tree>
			</field>
		</record>
		
		<record id="view_arul_employee_sub_category_form_vew" model="ir.ui.view">
            <field name="name">arul.employee.category.form</field>
            <field name="model">hr.employee.sub.category</field>
            <field name="arch" type="xml">
                <form string="Employee Sub Category" version="7.0">    
                	<sheet>
	                    <group>
	                    	<field name="code"/>
	                    	<field name="name"/>
	                    	<field name="category_id" options="{'create': false, 'create_edit': false}"/>
	               	  	</group>
                	</sheet>
                </form>
            </field>
        </record>     
		
		<record id="action_arul_employee_sub_category_form" model="ir.actions.act_window">
            <field name="name">Employee Sub Category</field>
            <field name="type">ir.actions.act_window</field>
            <field name="res_model">hr.employee.sub.category</field>
            <field name="view_type">form</field>
            <field name="view_mode">tree,form</field>
            <field name="view_id" ref="view_arul_employee_sub_category_tree_vew"/>
        </record>
        
        <!--<menuitem action="action_arul_employee_sub_category_form"
            id="menu_action_arul_employee_sub_category_form"
            parent="hr.menu_hr_main" sequence="24" groups='group_vvti_hrm_admin'/>-->
		
		<record id="view_arul_employee_actions_search_vew" model="ir.ui.view">
			<field name="name">arul.employee.actions.search</field>
			<field name="model">arul.employee.actions</field>
			<field name="arch" type="xml">
				<search string="Employee Actions">
					<field name="code"/>
					<field name="name"/>
				</search>
			</field>
		</record>
		
        <record id="view_arul_employee_actions_tree_vew" model="ir.ui.view">
			<field name="name">arul.employee.actions.tree</field>
			<field name="model">arul.employee.actions</field>
			<field name="arch" type="xml">
				<tree string="Employee Actions" delete = 'false' create = 'false'>
					<field name="code"/>
					<field name="name"/>
					<field name="active"/>
				</tree>
			</field>
		</record>
		
		<record id="view_arul_employee_actions_form_vew" model="ir.ui.view">
            <field name="name">arul.employee.actions.form</field>
            <field name="model">arul.employee.actions</field>
            <field name="arch" type="xml">
                <form string="Employee Actions" version="7.0" delete = 'false' create = 'false'>    
                	<sheet>
	                    <group>
	                    	<field name="code"/>
	                    	<field name="name"/>
	                    	<field name="active"/>
	               	  	</group>
	               	  	<group string = "Employee Action Type">
		                    <group >
		                    	<field name="action_type_ids" nolabel='1'/>
		                    </group>
	                    </group>
                	</sheet>
                </form>
            </field>
        </record>     
		
		<record id="action_arul_employee_actions_form" model="ir.actions.act_window">
            <field name="name">Employee Action</field>
            <field name="type">ir.actions.act_window</field>
            <field name="res_model">arul.employee.actions</field>
            <field name="view_type">form</field>
            <field name="view_mode">tree,form</field>
            <field name="view_id" ref="view_arul_employee_actions_tree_vew"/>
        </record>
        
        <menuitem action="action_arul_employee_actions_form"
            id="menu_action_arul_employee_actions_form"
            parent="hr.menu_hr_configuration" sequence="3" groups='group_vvti_hrm_admin'/>
        
        <record id="view_arul_employee_actions_type_search_vew" model="ir.ui.view">
			<field name="name">arul.employee.actions.type.search</field>
			<field name="model">arul.employee.action.type</field>
			<field name="arch" type="xml">
				<search string="Employee Action Type">
					<field name="code"/>
					<field name="name"/>
				</search>
			</field>
		</record>
        
        <record id="view_arul_employee_action_type_tree_vew" model="ir.ui.view">
			<field name="name">arul.employee.action.type.tree</field>
			<field name="model">arul.employee.action.type</field>
			<field name="arch" type="xml">
				<tree string="Employee Action Type">
					<field name="code"/>
					<field name="name"/>
				</tree>
			</field>
		</record>
		
		<record id="view_arul_employee_action_type_form_vew" model="ir.ui.view">
            <field name="name">arul.employee.action.type.form</field>
            <field name="model">arul.employee.action.type</field>
            <field name="arch" type="xml">
                <form string="Employee Action Type" version="7.0">    
                	<sheet>
	                    <group>
	                    	<field name="code"/>
	                    	<field name="name"/>
	               	  	</group>
                	</sheet>
                </form>
            </field>
        </record>    
        
        <record id="action_arul_employee_action_type_form" model="ir.actions.act_window">
            <field name="name">Employee Action Type</field>
            <field name="type">ir.actions.act_window</field>
            <field name="res_model">arul.employee.action.type</field>
            <field name="view_type">form</field>
            <field name="view_mode">tree,form</field>
            <field name="view_id" ref="view_arul_employee_action_type_tree_vew"/>
        </record> 
        
        <menuitem action="action_arul_employee_action_type_form"
            id="menu_action_arul_employee_action_type_form"
            parent="hr.menu_hr_configuration" sequence="4" groups='group_vvti_hrm_admin'/> 
            
        <record id="view_arul_hr_employee_action_history" model="ir.ui.view">
            <field name="name">view.arul.hr.employee.action.history</field>
            <field name="model">hr.employee</field>
            <field name="inherit_id" ref="hr.view_employee_form"/>
            <field name="arch" type="xml">
          		<xpath expr="//page[@string='HR Settings']" position="after">
                    <page string = 'Employee Action History'>
                    	<div col='4' colspan='4' class='oe_green_erp_scroll'>
	                    	<field name="action_history_line" nolabel='1'>
		                    	<tree editable='top' delete = 'false'>
		                    		<field name ="action_id"/>
		                    		<field name ="action_type_id"/>
		                    		<field name ="action_date"/>
		                    		<field name ="create_date"/>
		                    		<field name ="create_uid"/>
		                    		<field name ="period_from"/>
		                    		<field name ="period_to"/>
		                    		<field name ="reason_id"/>
		                    		<field name ="note"/>
		                    		<field name="datas" filename="datas_fname" string="Document upload"/>
		                        	<field name="datas_fname" invisible="1" class="oe_inline oe_right"/>
		                    		<field name ="department_from_id" string="Dept.From"/>
		                    		<field name ="department_to_id" string="Dept.To" />
		                    		<field name ="designation_from_id" string="Dest.From"/>
		                    		<field name ="designation_to_id" string="Dest.To"/>
		                    		<field name ="current_month_salary"/>
		                    		<field name ="pl_encashment"/>
		                    		<field name ="c_off"/>
		                    		<field name ="bonus"/>
		                    		<field name ="medical_reimbursement"/>
		                    		<field name ="gratuity"/>
		                    		<field name ="pf_settlement"/>
		                    	</tree>
	                    	</field>
                    	</div>
                    </page>
                    <page string = 'Equipment Inventory'>
                    	<div col='4' colspan='4'>
	                    	<field name="manage_equipment_inventory_line" nolabel='1'>
		                    	<tree editable='top'>
		                    		<field name ="equipment_id" options="{'create': false, 'create_edit': false}"/>
		                    		<field name ="allocated_qty"/>
		                    		<field name ="returned_qty"/>
		                    		<field name ="total_qty"/>
		                    	</tree>
	                    	</field>
                    	</div>
                    </page>
            	</xpath>
            </field>
        </record>  
        
        
		<record id="view_arul_hr_employee_transfer_action_tree_vew" model="ir.ui.view">
			<field name="name">arul.hr.employee.transfer.action.tree</field>
			<field name="model">arul.hr.employee.action.history</field>
			<field name="arch" type="xml">
				<tree string="Employee Transfer Action">
					<field name="action_id"/>
					<field name ="action_type_id"/>
					<field name ="employee_id"/>
					<field name ="employee_category_id"/>
					<field name ="sub_category_id"/>
					<field name="department_from_id"/>
					<field name ="department_to_id"/>
					<field name ="designation_from_id"/>
					<field name ="designation_to_id"/>
					<field name ="action_date" string = "Date of Transfer"/>
					<field name ="period_from"/>
					<field name ="period_to"/>
					<field name ="note"/>
				</tree>
			</field>
		</record>

		<record id="view_arul_hr_employee_transfer_action_form_vew" model="ir.ui.view">
            <field name="name">arul.hr.employee.transfer.action.form</field>
            <field name="model">arul.hr.employee.action.history</field>
            <field name="arch" type="xml">
                <form string="Employee Transfer Action" version="7.0">    
                	<sheet>
		                 <group col='4' colspan='2'>
							<field name="action_id" on_change="onchange_action_id(action_id)" domain="[('name','=','Transfer')]" options="{'create': false, 'create_edit': false}"/>
							<field name="action_type_id" options="{'create': false, 'create_edit': false}"/>
							<field name ="employee_id" options="{'create': false, 'create_edit': false}" required = "1" domain="[('active','=',1)]" on_change="onchange_transfer_employee_id(employee_id)"/>
							<newline/>
							<field name ="employee_category_id" on_change="onchange_employee_category_id(employee_category_id,sub_category_id)"  options="{'create': false, 'create_edit': false}"/>
							<field name ="sub_category_id" domain="[('category_id','=',employee_category_id)]" context="{'check_employee_category_id':1,'employee_category_id':employee_category_id}" options="{'create': false, 'create_edit': false}"/>
							<field name ="department_from_id" options="{'create': false, 'create_edit': false}" on_change="onchange_department_from_id(department_from_id)"/>
							<field name ="department_to_id" options="{'create': false, 'create_edit': false}" domain="[('id','!=',department_from_id)]" on_change="onchange_department_to_id(department_to_id,designation_from_id) "/>
							<field name ="designation_from_id" options="{'create': false, 'create_edit': false}"/>
							<field name ="designation_to_id" options="{'create': false, 'create_edit': false}" domain="[('id','!=',designation_from_id)]"/>
							<field name ="payroll_area_id" options="{'create': false, 'create_edit': false}"/>
							<field name ="payroll_sub_area_id" options="{'create': false, 'create_edit': false}"/>
							<field name ="action_date" string = "Date of Transfer"/>
							<newline/>
							<field name ="period_from"/>
							<field name ="period_to"/>
						</group>
						<group>
							<field name ="note"/>
						</group>
					</sheet>
				</form>
			</field>
		</record>

         <record id="action_arul_hr_employee_transfer_action_form" model="ir.actions.act_window">
            <field name="name">Employee Transfer</field>
			<field name="type">ir.actions.act_window</field>
            <field name="res_model">arul.hr.employee.action.history</field>
            <field name="view_type">form</field>
            <field name="view_mode">tree,form</field>
            <field name="domain">[('action_id.name','=','Transfer')]</field>
            <field name="context">{'create_transfer_employee':1,'action_default_transfer':1}</field>
            <field name="view_id" ref="view_arul_hr_employee_transfer_action_form_vew"/>
        </record>
        <record id="action_arul_hr_employee_transfer_action_form1" model="ir.actions.act_window.view">
            <field eval="0" name="sequence"/>
            <field name="view_mode">tree</field>
            <field name="view_id" ref="view_arul_hr_employee_transfer_action_tree_vew"/>
            <field name="act_window_id" ref="action_arul_hr_employee_transfer_action_form"/>
        </record>
        <record id="action_arul_hr_employee_contracts_action_form2" model="ir.actions.act_window.view">
            <field eval="1" name="sequence"/>
            <field name="view_mode">form</field>
            <field name="view_id" ref="view_arul_hr_employee_transfer_action_form_vew"/>
            <field name="act_window_id" ref="action_arul_hr_employee_transfer_action_form"/>
        </record>
         <menuitem action="action_arul_hr_employee_transfer_action_form"
            id="menu_action_arul_hr_employee_transfer_action_form"
            parent="hr.menu_hr_main" sequence="28" groups="group_vvti_hrm_hr_key_user,group_vvti_hrm_hr_manager"/>
        
        <record id="view_arul_hr_employee_action_history_tree_vew" model="ir.ui.view">
			<field name="name">arul.hr.employee.action.history.tree</field>
			<field name="model">arul.hr.employee.action.history</field>
			<field name="arch" type="xml">
				<tree string="Employee Promotion Action">
					<field name="action_id"/>
					<field name ="employee_id"/>
					<field name ="employee_category_id"/>
					<field name ="department_from_id"/>
					<field name ="designation_from_id"/>
					<field name ="action_date" string="Date Of Promotion"/>
					<field name ="period_from"/>
					<field name="action_type_id"/>
					<field name ="sub_category_id"/>
					<field name ="department_to_id"/>
					<field name ="designation_to_id"/>
					<field name ="period_to"/>
					<field name ="note"/>
					
				</tree>
			</field>
		</record>
		
		<record id="view_arul_hr_employee_action_history_form_vew" model="ir.ui.view">
            <field name="name">arul.hr.employee.action.history.form</field>
            <field name="model">arul.hr.employee.action.history</field>
            <field name="arch" type="xml">
                <form string="Employee Promotion Action" version="7.0">    
                	<sheet>
		                 <group col='4' colspan='2'>
							<field name="action_id" on_change="onchange_action_id(action_id)" domain="[('name','=','Promotion')]" options="{'create': false, 'create_edit': false}"/>
							<field name="action_type_id" options="{'create': false, 'create_edit': false}"/>
							<field name ="employee_id" options="{'create': false, 'create_edit': false}" required='1' on_change="onchange_promotion_employee_id(employee_id)" context="{'search_promotion_employee':True, 'employee_id':employee_id}"/>
							<newline/>
							<field name ="employee_category_id" on_change="onchange_employee_category_id(employee_category_id,sub_category_id)" options="{'create': false, 'create_edit': false}"/>
							<field name ="sub_category_id" domain="[('category_id','=',employee_category_id)]" context="{'check_employee_category_id':1,'employee_category_id':employee_category_id}" options="{'create': false, 'create_edit': false}"/>
							<field name ="department_from_id" options="{'create': false, 'create_edit': false}" on_change="onchange_department_from_id(department_from_id)"/>
							<field name ="department_to_id" options="{'create': false, 'create_edit': false}" on_change="onchange_department_to_id(department_to_id,designation_from_id) "/> 
							<field name ="designation_from_id" options="{'create': false, 'create_edit': false}"/>
							<field name ="designation_to_id" options="{'create': false, 'create_edit': false}" domain="[('id','!=',designation_from_id)]"/>
							<field name ="action_date" string="Date Of Promotion"/>
							<newline/>
							<field name ="period_from"/>
							<field name ="period_to"/>
						</group>
						<group>
							<field name ="note"/>
						</group>
                	</sheet>
                </form>
            </field>
        </record>
        
        <record id="action_arul_hr_employee_action_history_form" model="ir.actions.act_window">
            <field name="name">Employee Promotion Action</field>
            <field name="type">ir.actions.act_window</field>
            <field name="res_model">arul.hr.employee.action.history</field>
            <field name="view_type">form</field>
            <field name="view_mode">tree,form</field>
            <field name="domain">[('action_id.name','=','Promotion')]</field>
            <field name="context">{'action_default_promotion':1,'create_promotion_employee':1}</field>
            <field name="view_id" ref="view_arul_hr_employee_action_history_tree_vew"/>
        </record>
        <record id="action_arul_hr_employee_action_history_form1" model="ir.actions.act_window.view">
            <field eval="2" name="sequence"/>
            <field name="view_mode">tree</field>
            <field name="view_id" ref="view_arul_hr_employee_action_history_tree_vew"/>
            <field name="act_window_id" ref="action_arul_hr_employee_action_history_form"/>
        </record>
        <record id="action_arul_hr_employee_action_history_form2" model="ir.actions.act_window.view">
            <field eval="3" name="sequence"/>
            <field name="view_mode">form</field>
            <field name="view_id" ref="view_arul_hr_employee_action_history_form_vew"/>
            <field name="act_window_id" ref="action_arul_hr_employee_action_history_form"/>
        </record>
         <menuitem action="action_arul_hr_employee_action_history_form"
            id="menu_action_arul_hr_employee_action_history_form"
            parent="hr.menu_hr_main" sequence="25" groups="group_vvti_hrm_hr_key_user,group_vvti_hrm_hr_manager"/> 
            
         <record id="view_arul_hr_employee_rehiring_history_tree_vew" model="ir.ui.view">
			<field name="name">arul.hr.employee.rehiring.history.tree</field>
			<field name="model">arul.hr.employee.action.history</field>
			<field name="arch" type="xml">
				<tree string="Employee Rehiring">
					<field name="action_id"/>
					<field name ="employee_id"/>
					<field name ="employee_category_id"/>
					<field name ="action_date" string="Date Of Rehiring"/>
					<field name ="period_from" string="Valid From"/>
					<field name="action_type_id"/>
					<field name ="sub_category_id"/>
					<field name ="period_to" string="Valid To"/>
					<field name ="note"/>
					<field name ="approve_rehiring" invisible='1'/>
				</tree>
			</field>
		</record>
		
		<record id="view_arul_hr_employee_rehiring_history_form_vew" model="ir.ui.view">
            <field name="name">arul.hr.employee.rehiring.history.form</field>
            <field name="model">arul.hr.employee.action.history</field>
            <field name="arch" type="xml">
                <form string="Employee Rehiring" version="7.0"> 
                    <header>
	                    <button name="approve_employee_rehiring" attrs="{'invisible':[('approve_rehiring','=',True)]}" string="Approve" type="object" class="oe_highlight" groups="base.group_hr_manager"/>
	                    <field name ="approve_rehiring" invisible='1'/>
	                </header>
                	<sheet>
		                 <group col='4' colspan='2'>
							<field name="action_id" on_change="onchange_action_id(action_id)" domain="[('name','=','Re Hiring')]" options="{'create': false, 'create_edit': false}"/>
							<field name="action_type_id" options="{'create': false, 'create_edit': false}"/>
							<field name ="employee_id" options="{'create': false, 'create_edit': false}" required='1' domain="[('active','=',0)]" on_change="onchange_rehiring_employee_id(employee_id)"/>
							<newline/>
							<field name ="employee_category_id" on_change="onchange_employee_category_id(employee_category_id,sub_category_id)"  options="{'create': false, 'create_edit': false}"/>
							<field name ="sub_category_id" domain="[('category_id','=',employee_category_id)]" context="{'check_employee_category_id':1,'employee_category_id':employee_category_id}" options="{'create': false, 'create_edit': false}"/>
							<field name ="action_date" string="Date Of Rehiring"/>
							<newline/>
							<field name ="period_from" string="Valid From"/>
							<field name ="period_to" string="Valid To"/>
						</group>
						<group>
							<field name ="note"/>
						</group>
                	</sheet>
                </form>
            </field>
        </record>
        
        <record id="action_arul_hr_employee_rehiring_history_form" model="ir.actions.act_window">
            <field name="name">Employee Rehiring</field>
            <field name="type">ir.actions.act_window</field>
            <field name="res_model">arul.hr.employee.action.history</field>
            <field name="view_type">form</field>
            <field name="view_mode">tree,form</field>
            <field name="domain">[('action_id.name','=','Re Hiring')]</field>
            <field name="context">{'action_default_rehiring':1}</field>
            <field name="view_id" ref="view_arul_hr_employee_rehiring_history_tree_vew"/>
        </record>
        <record id="action_arul_hr_employee_rehiring_history_form1" model="ir.actions.act_window.view">
            <field eval="4" name="sequence"/>
            <field name="view_mode">tree</field>
            <field name="view_id" ref="view_arul_hr_employee_rehiring_history_tree_vew"/>
            <field name="act_window_id" ref="action_arul_hr_employee_rehiring_history_form"/>
        </record>
        <record id="action_arul_hr_employee_rehiring_history_form2" model="ir.actions.act_window.view">
            <field eval="5" name="sequence"/>
            <field name="view_mode">form</field>
            <field name="view_id" ref="view_arul_hr_employee_rehiring_history_form_vew"/>
            <field name="act_window_id" ref="action_arul_hr_employee_rehiring_history_form"/>
        </record>
         <menuitem action="action_arul_hr_employee_rehiring_history_form"
            id="menu_action_arul_hr_employee_rehiring_history_form"
            parent="hr.menu_hr_main" sequence="26" groups="group_vvti_hrm_hr_key_user,group_vvti_hrm_hr_manager"/> 
            
         <record id="view_arul_hr_employee_compensation_review_action_tree_vew" model="ir.ui.view">
			<field name="name">arul.hr.employee.compensation_review.action.tree</field>
			<field name="model">arul.hr.employee.action.history</field>
			<field name="arch" type="xml">
				<tree string="Employee Compensation Review Action">
					<field name="action_id"/>
					<field name ="employee_id"/>
					<field name ="employee_category_id"/>
					<field name ="action_date" string="Date Of Review Action"/>
					<field name ="period_from"/>
					<field name="action_type_id"/>
					<field name ="sub_category_id"/>
					<field name ="reason_id"/>
					<field name ="period_to"/>
					<field name ="note"/>
					
				</tree>
			</field>
		</record>
		
		<record id="view_arul_hr_employee_compensation_review_action_form_vew" model="ir.ui.view">
            <field name="name">arul.hr.employee.compensation.review.action.form</field>
            <field name="model">arul.hr.employee.action.history</field>
            <field name="arch" type="xml">
                <form string="Employee Compensation Review Action" version="7.0">    
                	<sheet>
		                 <group col='4' colspan='2'>
							<field name="action_id" on_change="onchange_action_id(action_id)" domain="[('name','=','Compensation Review')]" options="{'create': false, 'create_edit': false}"/>
							<field name="action_type_id" options="{'create': false, 'create_edit': false}"/>
							<field name ="employee_id" on_change="onchange_compensation_employee_id(employee_id)" options="{'create': false, 'create_edit': false}" domain="[('active','=',1)]" required='1'/>
							<newline/>
							<field name ="employee_category_id" on_change="onchange_employee_category_id(employee_category_id,sub_category_id)" options="{'create': false, 'create_edit': false}"/>
							<field name ="sub_category_id" domain="[('category_id','=',employee_category_id)]" context="{'check_employee_category_id':1,'employee_category_id':employee_category_id}" options="{'create': false, 'create_edit': false}"/>
							<field name ="action_date" string="Date Of Review Action"/>
							<field name ="reason_id" domain="[('name','in', ['Completion of Trainee'])]" widget="selection"/>
							<newline/>
							<field name ="period_from"/>
							<field name ="period_to"/>
						</group>
						<group>
							<field name ="note"/>
						</group>
                	</sheet>
                </form>
            </field>
        </record>
        
        <record id="action_arul_hr_employee_compensation_review_action_form" model="ir.actions.act_window">
            <field name="name">Employee Compensation Review Action</field>
            <field name="type">ir.actions.act_window</field>
            <field name="res_model">arul.hr.employee.action.history</field>
            <field name="view_type">form</field>
            <field name="view_mode">tree,form</field>
            <field name="domain">[('action_id.name','=','Compensation Review')]</field>
            <field name="context">{'action_default_compensation_review':1}</field>
            <field name="view_id" ref="view_arul_hr_employee_compensation_review_action_tree_vew"/>
        </record>
        <record id="view_arul_hr_employee_compensation_review_action_form_vew1" model="ir.actions.act_window.view">
            <field eval="6" name="sequence"/>
            <field name="view_mode">tree</field>
            <field name="view_id" ref="view_arul_hr_employee_compensation_review_action_tree_vew"/>
            <field name="act_window_id" ref="action_arul_hr_employee_compensation_review_action_form"/>
        </record>
        <record id="view_arul_hr_employee_compensation_review_action_form_vew2" model="ir.actions.act_window.view">
            <field eval="7" name="sequence"/>
            <field name="view_mode">form</field>
            <field name="view_id" ref="view_arul_hr_employee_compensation_review_action_form_vew"/>
            <field name="act_window_id" ref="action_arul_hr_employee_compensation_review_action_form"/>
        </record>
         <menuitem action="action_arul_hr_employee_compensation_review_action_form"
            id="menu_action_arul_hr_employee_compensation_review_action_form"
            parent="hr.menu_hr_main" sequence="27" groups="group_vvti_hrm_hr_key_user,group_vvti_hrm_hr_manager"/>
            
          <record id="view_arul_hr_employee_contracts_action_tree_vew" model="ir.ui.view">
			<field name="name">arul.hr.employee.contracts.action.tree</field>
			<field name="model">arul.hr.employee.action.history</field>
			<field name="arch" type="xml">
				<tree string="Employee Contracts Action">
					<field name="action_id"/>
					<field name ="employee_id"/>
					<field name ="employee_category_id"/>
					<field name ="action_date" string="Date Of Contracts"/>
					<field name ="period_from"/>
					<field name="action_type_id"/>
					<field name ="sub_category_id"/>
					<field name ="reason_id"/>
					<field name ="period_to"/>
					<field name ="note"/>
					
				</tree>
			</field>
		</record>
		
		<record id="view_arul_hr_employee_contracts_action_form_vew" model="ir.ui.view">
            <field name="name">arul.hr.employee.contracts.action.form</field>
            <field name="model">arul.hr.employee.action.history</field>
            <field name="arch" type="xml">
                <form string="Employee Contracts Action" version="7.0">    
                	<sheet>
		                 <group col='4' colspan='2'>
							<field name="action_id" on_change="onchange_action_id(action_id)" domain="[('name','=','Contracts')]" options="{'create': false, 'create_edit': false}"/>
							<field name="action_type_id" options="{'create': false, 'create_edit': false}"/>
							<field name ="employee_id" on_change="onchange_compensation_employee_id(employee_id)" options="{'create': false, 'create_edit': false}" required='1'/>
							<newline/>
							<field name ="employee_category_id" on_change="onchange_employee_category_id(employee_category_id,sub_category_id)" options="{'create': false, 'create_edit': false}"/>
							<field name ="sub_category_id" domain="[('category_id','=',employee_category_id)]" context="{'check_employee_category_id':1,'employee_category_id':employee_category_id}" options="{'create': false, 'create_edit': false}"/>
							<field name ="action_date" string="Date Of Contracts"/>
							<field name ="reason_id" domain="[('name','in', ['Good Performance', 'Successful completion of Trainee','Successful completion of Probation'])]" widget="selection"/>
							<newline/>
							<field name ="period_from"/>
							<field name ="period_to"/>
						</group>
						<group>
							<field name ="note"/>
						</group>
                	</sheet>
                </form>
            </field>
        </record>
        
        <record id="action_arul_hr_employee_contracts_action_form" model="ir.actions.act_window">
            <field name="name">Employee Contracts</field>
            <field name="type">ir.actions.act_window</field>
            <field name="res_model">arul.hr.employee.action.history</field>
            <field name="view_type">form</field>
            <field name="view_mode">tree,form</field>
            <field name="domain">[('action_id.name','=','Contracts')]</field>
            <field name="context">{'action_default_contracts':1}</field>
            <field name="view_id" ref="view_arul_hr_employee_contracts_action_form_vew"/>
        </record>
        <record id="action_arul_hr_employee_contracts_action_form1" model="ir.actions.act_window.view">
            <field eval="8" name="sequence"/>
            <field name="view_mode">tree</field>
            <field name="view_id" ref="view_arul_hr_employee_contracts_action_tree_vew"/>
            <field name="act_window_id" ref="action_arul_hr_employee_contracts_action_form"/>
        </record>
        <record id="action_arul_hr_employee_contracts_action_form2" model="ir.actions.act_window.view">
            <field eval="9" name="sequence"/>
            <field name="view_mode">form</field>
            <field name="view_id" ref="view_arul_hr_employee_contracts_action_form_vew"/>
            <field name="act_window_id" ref="action_arul_hr_employee_contracts_action_form"/>
        </record>
         <menuitem action="action_arul_hr_employee_contracts_action_form"
            id="menu_action_arul_hr_employee_contracts_action_form"
            parent="hr.menu_hr_main" sequence="28" groups="group_vvti_hrm_hr_key_user,group_vvti_hrm_hr_manager"/>
		
		<record id="view_arul_hr_employee_hiring_action_tree_vew" model="ir.ui.view">
			<field name="name">arul.hr.employee.hiring.action.tree</field>
			<field name="model">arul.hr.employee.action.history</field>
			<field name="arch" type="xml">
				<tree string="Employee Hiring Action">
					<field name="action_id"/>
					<field name ="employee_id"/>
					<field name="action_type_id"/>
					<field name ="action_date" string="Date Of Hiring"/>
					<field name ="period_from" string="Valid From"/>
					<field name ="period_to" string="Valid To"/>
					<field name ="note"/>
					
				</tree>
			</field>
		</record>
		
		<record id="view_arul_hr_employee_hiring_action_form_vew" model="ir.ui.view">
            <field name="name">arul.hr.employee.hiring.action.form</field>
            <field name="model">arul.hr.employee.action.history</field>
            <field name="arch" type="xml">
                <form string="Employee Hiring Action" version="7.0">    
                	<header>
	                    <button name="create_hiring_employee" attrs="{'invisible':[('employee_id','!=',False)]}" string="Create Employee" type="object" class="oe_highlight"/>
	                </header>
                	<sheet>
		                 <group col='4' colspan='2'>
							<field name="action_id" on_change="onchange_action_id(action_id)" domain="[('name','=','Hiring')]" options="{'create': false, 'create_edit': false}"/>
							<field name="action_type_id" options="{'create': false, 'create_edit': false}"/>
							<field name ="action_date" string="Date Of Hiring"/>
							<newline/>
							<field name ="employee_category_id" on_change="onchange_employee_category_id(employee_category_id,sub_category_id)" options="{'create': false, 'create_edit': false}"/>
							<field name ="sub_category_id" domain="[('category_id','=',employee_category_id)]" context="{'check_employee_category_id':1,'employee_category_id':employee_category_id}" options="{'create': false, 'create_edit': false}"/>
							<field name ="payroll_area_id" options="{'create': false, 'create_edit': false}"/>
							<field name ="department_from_id" string = 'Department' options="{'create': false, 'create_edit': false}"/>
							<field name ="period_from" string="Valid From"/>
							<field name ="period_to" string="Valid To"/>
							<field name ="employee_id" invisible='0' readonly='1'/>
						</group>
						<group>
							<field name ="note"/>
						</group>
                	</sheet>
                </form>
            </field>
        </record>
        
        <record id="action_arul_hr_employee_hiring_action_form" model="ir.actions.act_window">
            <field name="name">Employee Hiring</field>
            <field name="type">ir.actions.act_window</field>
            <field name="res_model">arul.hr.employee.action.history</field>
            <field name="view_type">form</field>
            <field name="domain">[('action_id.name','=','Hiring')]</field>
            <field name="context">{'action_default_hiring':1}</field>
            <field name="view_mode">tree,form</field>
            <field name="view_id" ref="view_arul_hr_employee_hiring_action_tree_vew"/>
        </record>
        <record id="action_arul_hr_employee_hiring_action_form1" model="ir.actions.act_window.view">
            <field eval="10" name="sequence"/>
            <field name="view_mode">tree</field>
            <field name="view_id" ref="view_arul_hr_employee_hiring_action_tree_vew"/>
            <field name="act_window_id" ref="action_arul_hr_employee_hiring_action_form"/>
        </record>
        <record id="action_arul_hr_employee_hiring_action_form2" model="ir.actions.act_window.view">
            <field eval="11" name="sequence"/>
            <field name="view_mode">form</field>
            <field name="view_id" ref="view_arul_hr_employee_hiring_action_form_vew"/>
            <field name="act_window_id" ref="action_arul_hr_employee_hiring_action_form"/>
        </record>
         <menuitem action="action_arul_hr_employee_hiring_action_form"
            id="menu_action_arul_hr_employee_hiring_action_form"
            parent="hr.menu_hr_main" sequence="30" groups="group_vvti_hrm_hr_key_user,group_vvti_hrm_hr_manager"/>
		
		<record id="arul_hr_employees_form" model="ir.ui.view">
            <field name="name">arul_hr_employees_form</field>
            <field name="model">hr.employee</field>
            <field name="inherit_id" ref="hr.view_employee_form"/>
            <field name="arch" type="xml">
                <xpath expr="//field[@name='department_id']" position="after">
                    <field name="section_id" domain="[('department_id','=',department_id)]" options="{'create': false, 'create_edit': false}"/>
                </xpath>
                
            </field>
        </record>
        <record id="vsis_hr_hr_employee_view_form2" model="ir.ui.view">
            <field name="name">vsis.hr.hr.employee.view.form2</field>
            <field name="model">hr.employee</field>
            <field name="inherit_id" ref="hr_contract.hr_hr_employee_view_form2"/>
            <field name="arch" type="xml">
            	<xpath expr="//field[@name='bank_account_id']" position="replace">
                    <field name="bank_account_id" context="{'display_partner':True}" options="{'create': false, 'create_edit': false}"/>
                </xpath>
            </field>
        </record>
		
		<record id="arul_vsis_view_employee_form_portal" model="ir.ui.view">
            <field name="name">arul_vsis_view_employee_form_portal</field>
            <field name="model">hr.employee</field>
            <field name="inherit_id" ref="green_erp_arulmani_crm.vsis_view_employee_form_portal"/>
            <field name="arch" type="xml">
            	<xpath expr="//field[@name='department_id']" position="replace">
                    <field name="department_id" on_change="onchange_department_id(department_id)" options="{'create': false, 'create_edit': false}"/>
                </xpath>
                <xpath expr="//field[@name='employee_category_id']" position="replace">
                    <field name="employee_category_id" on_change="onchange_employee_category_id(employee_category_id,employee_sub_category_id)" options="{'create': false, 'create_edit': false}"/>
                </xpath>
                <xpath expr="//field[@name='employee_grade_id']" position="replace">
                    <field name="payroll_area_id" options="{'create': false, 'create_edit': false}"/>
                </xpath>
                <xpath expr="//field[@name='date_of_resignation']" position="after">
                    <field name="time_record"/>
                </xpath>
                <xpath expr="//field[@name='job_id']" position="replace">
                    <field name="job_id" string = "Designation" options="{'create': false, 'create_edit': false}"/>
                </xpath>
                <xpath expr="//field[@name='parent_id']" position="replace">
                    <field name="parent_id" string = "Reporting To" options="{'create': false, 'create_edit': false}"/>
                </xpath>
                <xpath expr="//field[@name='employee_sub_category_id']" position="replace">
                    <field name="employee_sub_category_id" domain="[('category_id','=',employee_category_id)]" context="{'check_employee_category_id':1,'employee_category_id':employee_category_id}" options="{'create': false, 'create_edit': false}"/>
                </xpath>
                <xpath expr="//field[@name='address_id']" position="replace">
                    <field name="address_id" options="{'create': false, 'create_edit': false}"/>
                </xpath>
                <xpath expr="//field[@name='plant_id']" position="replace">
                    <field name="plant_id" options="{'create': false, 'create_edit': false}"/>
                </xpath>
                <xpath expr="//field[@name='country_id']" position="replace">
                    <field name="country_stateofbirth_id" options="{'create': false, 'create_edit': false}"/>
                </xpath>
                <xpath expr="//field[@name='religion_id']" position="replace">
                    <field name="religion_id" options="{'create': false, 'create_edit': false}"/>
                </xpath>
                <!--<xpath expr="//field[@name='category_ids']" position="replace">
                    <field name="category_ids" options="{'create': false, 'create_edit': false}"/>
                </xpath>-->
            </field>
        </record>
        <record id="hr_hr_employee_view_form" model="ir.ui.view">
            <field name="name">hr.hr.employee.view.form</field>
            <field name="model">hr.employee</field>
            <field name="inherit_id" ref="hr_contract.hr_hr_employee_view_form2"/>
            <field name="arch" type="xml">
                <data>
                    <xpath expr="//field[@name='manager']" position="replace">
                        <field name="manager" invisible = "1"/>
                    </xpath>
             	</data>
            </field>
        </record>
        
        <record id="vsis_hr_hr_employee_view_form3" model="ir.ui.view">
            <field name="name">vsis.hr.employee.view.form3</field>
            <field name="model">hr.employee</field>
            <field name="inherit_id" ref="hr_contract.hr_hr_employee_view_form2"/>
            <field name="arch" type="xml">
                <data>
                    <field name="place_of_birth" position="replace">
                    	<field name="birth_place"/>
                        <field name="place_of_birth" domain="[('country_id','=',country_stateofbirth_id)]" options="{'create': false, 'create_edit': false}"/>
                    </field>
                </data>
            </field>
        </record>
     
        <record id="hr_hr_employee_view_form3" model="ir.ui.view">
            <field name="name">hr.hr.employee.view.form3</field>
            <field name="model">hr.employee</field>
            <field name="inherit_id" ref="hr_contract.hr_hr_employee_view_form2"/>
            <field name="arch" type="xml">
                <data>
                 	<xpath expr="//field[@name='birthday']" position="replace">
                        <field name="birthday" on_change="onchange_date_of_retirement(birthday)"/>
                    </xpath>
                </data>
            </field>
        </record>

        <record id="tpt_personal_contact_view" model="ir.ui.view">
            <field name="name">tpt.personal.contact.view.form</field>
            <field name="model">hr.employee</field>
            <field name="inherit_id" ref="green_erp_arulmani_crm.vsis_view_employee_form"/>
            <field name="arch" type="xml">
                <data>
                 	<xpath expr="//field[@name='address_home_id']" position="after">
                        <field name="personal_contact" placeholder="Personal Moile Numer..."/>
                    </xpath>
                </data>
            </field>
        </record>

        <record id="tpt_stream_view" model="ir.ui.view">
            <field name="name">tpt.stream.view</field>
            <field name="model">hr.employee</field>
            <field name="inherit_id" ref="green_erp_arulmani_crm.vsis_view_employee_form"/>
            <field name="arch" type="xml">
                <data>
	                <xpath expr="//form/sheet/notebook/page[@string='Qualification']/field/form/sheet/group/field[@name='name']" position="after">
	                        <field name="stream_id"/>
	                </xpath>
             	</data>
            </field>
        </record>

        <record id="hr_hr_employee_view_form2" model="ir.ui.view">
            <field name="name">hr.hr.employee.view.form2</field>
            <field name="model">hr.employee</field>
            <field name="inherit_id" ref="hr.view_employee_form"/>
            <field name="arch" type="xml">
                <data>
                    <field name="coach_id" position="after">
                        <field name="date_of_retirement"/>
                    </field>
                </data>
            </field>
        </record>
        
        <record id="view_arul_hr_employee_leaving_action_tree_vew" model="ir.ui.view">
			<field name="name">arul.hr.employee.leaving.action.tree</field>
			<field name="model">arul.hr.employee.action.history</field>
			<field name="arch" type="xml">
				<tree string="Employee Leaving Action">
					<field name="action_id"/>
					<field name="action_type_id"/>
					<field name ="employee_id"/>
					<field name ="employee_category_id"/>
					<field name ="sub_category_id"/>
					<field name ="payroll_area_id"/>
					<field name ="payroll_sub_area_id"/>
					<field name ="action_date" string="Date Of Leaving"/>
					<field name ="note"/>
				</tree>
			</field>
		</record>
		
		<record id="view_arul_hr_employee_leaving_action_form_vew" model="ir.ui.view">
            <field name="name">arul.hr.employee.leaving.action.form</field>
            <field name="model">arul.hr.employee.action.history</field>
            <field name="arch" type="xml">
                <form string="Employee Leaving Action" version="7.0">    
                	<sheet>
		                 <group col='4' colspan='2'>
							<field name="action_id" on_change="onchange_action_id(action_id)" domain="[('name','=','Leaving')]" options="{'create': false, 'create_edit': false}"/>
							<field name="action_type_id" options="{'create': false, 'create_edit': false}"/>
							<field name ="employee_id" options="{'create': false, 'create_edit': false}" required = '1' domain="[('active','=',1)]" on_change="onchange_leaving_employee_id(employee_id)"/>
							<newline/>
							<field name ="employee_category_id" on_change="onchange_employee_category_id(employee_category_id,sub_category_id)" context="{'check_employee_category_id':1,'employee_category_id':employee_category_id}" options="{'create': false, 'create_edit': false}"/>
							<field name ="sub_category_id" domain="[('category_id','=',employee_category_id)]" options="{'create': false, 'create_edit': false}"/>
							<field name ="payroll_area_id" options="{'create': false, 'create_edit': false}"/>
							<field name ="payroll_sub_area_id" options="{'create': false, 'create_edit': false}"/>
							<field name ="action_date" string="Date Of Leaving"/>
							<newline/>

						</group>
						<group>
							<field name ="note"/>
						</group>

						<group>
							<field name ="current_month_salary"/>
							<field name ="c_off"/>
							<field name ="medical_reimbursement"/>
							<field name ="bonus"/>
							<field name ="pf_settlement"/>
						</group>

                	</sheet>
                </form>
            </field>
        </record>
		
		 <record id="action_arul_hr_employee_leaving_action_form" model="ir.actions.act_window">
            <field name="name">Employee Leaving</field>
            <field name="type">ir.actions.act_window</field>
            <field name="res_model">arul.hr.employee.action.history</field>
            <field name="view_type">form</field>
            <field name="view_mode">tree,form</field>
            <field name="context">{'create_leaving_employee':1,'action_default_leaving':1}</field>
            <field name="domain">[('action_id.name','=','Leaving')]</field>
            <field name="view_id" ref="view_arul_hr_employee_leaving_action_tree_vew"/>
        </record>
        <record id="action_arul_hr_employee_leaving_action_form1" model="ir.actions.act_window.view">
            <field eval="12" name="sequence"/>
            <field name="view_mode">tree</field>
            <field name="view_id" ref="view_arul_hr_employee_leaving_action_tree_vew"/>
            <field name="act_window_id" ref="action_arul_hr_employee_leaving_action_form"/>
        </record>
        <record id="action_arul_hr_employee_leaving_action_form2" model="ir.actions.act_window.view">
            <field eval="13" name="sequence"/>
            <field name="view_mode">form</field>
            <field name="view_id" ref="view_arul_hr_employee_leaving_action_form_vew"/>
            <field name="act_window_id" ref="action_arul_hr_employee_leaving_action_form"/>
        </record>
		<menuitem action="action_arul_hr_employee_leaving_action_form"
            id="menu_action_arul_hr_employee_leaving_action_form"
            parent="hr.menu_hr_main" sequence="29" groups="group_vvti_hrm_hr_key_user,group_vvti_hrm_hr_manager"/>

		<record id="view_arul_hr_employee_disciplinary_action_tree_vew" model="ir.ui.view">
			<field name="name">arul.hr.employee.disciplinary.action.tree</field>
			<field name="model">arul.hr.employee.action.history</field>
			<field name="arch" type="xml">
				<tree string="Employee Disciplinary Action">
					<field name="action_id"/>
					<field name ="action_type_id"/>
					<field name ="employee_id"/>
					<field name ="employee_category_id"/>
					<field name ="sub_category_id"/>
					<field name ="action_date" string = "Date of Disciplinary"/>
					<field name ="period_from"/>
					<field name ="period_to"/>
					<field name ="note"/>
				</tree>
			</field>
		</record>

		<record id="view_arul_hr_employee_disciplinary_action_form_vew" model="ir.ui.view">
            <field name="name">arul.hr.employee.disciplinary.action.form</field>
            <field name="model">arul.hr.employee.action.history</field>
            <field name="arch" type="xml">
                <form string="Employee Disciplinary Action" version="7.0">    
                	<sheet>
		                 <group col='4' colspan='2'>
							<field name="action_id" on_change="onchange_action_id(action_id)" domain="[('name','=','Disciplinary')]" options="{'create': false, 'create_edit': false}"/>
							<field name="action_type_id" options="{'create': false, 'create_edit': false}"/>
							<field name ="employee_id" on_change="onchange_disciplinary_employee_id(employee_id)" options="{'create': false, 'create_edit': false}" required = "1" context="{'search_disciplinary_employee':True, 'employee_id':employee_id}"/>
							<newline/>
							<field name ="employee_category_id" on_change="onchange_employee_category_id(employee_category_id,sub_category_id)" options="{'create': false, 'create_edit': false}"/>
							<field name ="sub_category_id" domain="[('category_id','=',employee_category_id)]" context="{'check_employee_category_id':1,'employee_category_id':employee_category_id}" options="{'create': false, 'create_edit': false}"/>
							<field name ="action_date" string = "Date of Disciplinary"/>
							<label for="datas" string="Data Upload Field"/>
							<div>
								<field name="datas" filename="datas_fname"/>
	                        	<field name="datas_fname" invisible="1" class="oe_inline oe_right"/>
	                        </div>
							<newline/>
							<field name ="period_from"/>
							<field name ="period_to"/>
						</group>
						<group>
							<field name ="note"/>
						</group>
					</sheet>
				</form>
			</field>
		</record>

        <record id="action_arul_hr_employee_disciplinary_action_form" model="ir.actions.act_window">
            <field name="name">Employee Disciplinary</field>
			<field name="type">ir.actions.act_window</field>
            <field name="res_model">arul.hr.employee.action.history</field>
            <field name="view_type">form</field>
            <field name="view_mode">tree,form</field>
            <field name="domain">[('action_id.name','=','Disciplinary')]</field>
            <field name="context">{'action_default_disciplinary':1}</field>
            <field name="view_id" ref="view_arul_hr_employee_disciplinary_action_tree_vew"/>
        </record>
        <record id="action_arul_hr_employee_disciplinary_action_form1" model="ir.actions.act_window.view">
            <field eval="14" name="sequence"/>
            <field name="view_mode">tree</field>
            <field name="view_id" ref="view_arul_hr_employee_disciplinary_action_tree_vew"/>
            <field name="act_window_id" ref="action_arul_hr_employee_disciplinary_action_form"/>
        </record>
        <record id="action_arul_hr_employee_contracts_action_form2" model="ir.actions.act_window.view">
            <field eval="15" name="sequence"/>
            <field name="view_mode">form</field>
            <field name="view_id" ref="view_arul_hr_employee_disciplinary_action_form_vew"/>
            <field name="act_window_id" ref="action_arul_hr_employee_disciplinary_action_form"/>
        </record>
        <menuitem action="action_arul_hr_employee_disciplinary_action_form"
            id="menu_action_arul_hr_employee_disciplinary_action_form"
            parent="hr.menu_hr_main" sequence="29" groups="group_vvti_hrm_hr_key_user,group_vvti_hrm_hr_manager"/>
            
        <record id="food_subsidy_tree_view" model="ir.ui.view">
			<field name="name">food.subsidy.tree</field>
			<field name="model">food.subsidy</field>
			<field name="arch" type="xml">
				<tree string="Food Subsidy Master">
					<field name ="food_category"/>
                	<field name ="food_price" />
                	<field name ="employer_con"/>
                	<field name ="employee_con"/>
				</tree>
			</field>
		</record>

		<record id="food_subsidy_form_view" model="ir.ui.view">
            <field name="name">food.subsidy.form</field>
            <field name="model">food.subsidy</field>
            <field name="arch" type="xml">
                <form string="Food Subsidy Master" version="7.0">  
                	<sheet>  
                		<group>
	                		<group>
		                		<field name ="food_category" style="width: 40%%"/>
		                		<field name ="food_price" on_change="onchange_amount_all(food_price)"/>
		                		<field name ="employer_con"/>
		                		<field name ="employee_con"/>
	                		</group>
	                		<group>
	                			<field name ="hotel_name"/>
		                		<label for="street" string="Contact Address"/>
		                		<div>	
			                    	<field name="street" placeholder="Street..."/>
			                        <field name="street2"/>
			                        <field name="city" placeholder="City" />
			                        <div class="address_format">
			                        	<field name="country_id" style="width: 45%%" placeholder="Country" options="{'create': false, 'create_edit': false}"/>
			                            <field name="state_id" style="width: 50%%"  domain="[('country_id', '=', country_id)]" options="{'create': false, 'create_edit': false}" placeholder="State"/>
			                        </div>
			                        <field name="zip" placeholder="Zip" />
			                    </div>
		                    </group>
	                    </group>
	                    <group string='History'>
		                    <field name="history_line" nolabel='1'>
		                    	<tree>
		                    		<field name ="food_category"/>
			                		<field name ="food_price"/>
			                		<field name ="employer_con"/>
			                		<field name ="employee_con"/>
		                    	</tree>
		                    </field>
	                  	</group>
                	</sheet>
				</form>
			</field>
		</record>

        <record id="action_food_subsidy_form" model="ir.actions.act_window">
            <field name="name">Food Subsidy</field>
			<field name="type">ir.actions.act_window</field>
            <field name="res_model">food.subsidy</field>
            <field name="view_type">form</field>
            <field name="view_mode">tree,form</field>
            <field name="domain">[('history_id','=',False)]</field>
            <field name="view_id" ref="food_subsidy_tree_view"/>
        </record>
        
        <menuitem action="action_food_subsidy_form"
            id="menu_action_food_subsidy_form"
            parent="hr.menu_hr_configuration" sequence="4" groups="group_vvti_hrm_time_user"/>
        
        <record id="meals_deduction_tree_view" model="ir.ui.view">
			<field name="name">meals.deduction.tree</field>
			<field name="model">meals.deduction</field>
			<field name="arch" type="xml">
				<tree string="Meals Deduction Master">
					<field name ="meals_date"/>
                	<field name ="meals_for"/>
				</tree>
			</field>
		</record>

		<record id="meals_deduction_form_view" model="ir.ui.view">
            <field name="name">meals.deduction.form</field>
            <field name="model">meals.deduction</field>
            <field name="arch" type="xml">
                <form string="Meals Deduction Master" version="7.0">  
                	<sheet>  
                		<group>
                			<field name ="meals_date" on_change="onchange_date(meals_date,meals_for)"/>
                			<field name ="meals_for" style="width:40%%" on_change="onchange_date(meals_date,meals_for)"/>
                		</group>
                		<notebook>
                			<page string="Meals Deduction">
                				<field name ="meals_details_emp_ids" nolabel="1" attrs="{'invisible':[('meals_for','!=','employees')]}">
                					<tree editable="top">
                						<field name ="emp_id" invisible="0" readonly="0" options="{'create': false, 'create_edit': false}" />
                						<field name ="break_fast"/>
                						<field name ="lunch"/>
                						<field name ="dinner"/>
                						<field name ="midnight_tiffin"/>
                						<field name ="employer_amt"/>
                						<field name ="employee_amt"/>
                						<field name ="free_cost_1"  options="{'create': false, 'create_edit': false}" domain="[('history_id','=',False),('id','!=',free_cost_2)]"/>
                						<field name ="free_cost_2"  options="{'create': false, 'create_edit': false}" domain="[('history_id','=',False),('id','!=',free_cost_1)]"/>
                					</tree>
                				</field>
                				<field name ="meals_details_order_ids" nolabel="1" attrs="{'invisible':[('meals_for','!=','others')]}">
                					<tree editable="top">
                						<field name ="emp_name" options="{'create': false, 'create_edit': false}" readonly="0" required = "1"/>
                						<field name ="break_fast"/>
                						<field name ="lunch"/>
                						<field name ="dinner"/>
                						<field name ="midnight_tiffin"/>
                						<field name ="employer_amt"/>
                						<field name ="employee_amt"/>
                					</tree>
                				</field>
                			</page>
                		</notebook>
                	</sheet>
				</form>
			</field>
		</record>

        <record id="action_meals_deduction_form" model="ir.actions.act_window">
            <field name="name">Meals Deduction</field>
			<field name="type">ir.actions.act_window</field>
            <field name="res_model">meals.deduction</field>
            <field name="view_type">form</field>
            <field name="view_mode">tree,form</field>
            <field name="view_id" ref="meals_deduction_tree_view"/>
        </record>
        
        <menuitem action="action_meals_deduction_form"
            id="menu_action_meals_deduction_form"
            parent="hr.menu_hr_main" sequence="31"/>

  
        <record id="employee_leave_tree_view" model="ir.ui.view">
			<field name="name">employee.leave.tree</field>
			<field name="model">employee.leave</field>
			<field name="arch" type="xml">
				<tree string="Employee Leave">
					<field name ="employee_id"/>
                	<field name ="year"/>
				</tree>
			</field>
		</record>
  		
  		<!--<record id="view_employee_filter_inherit" model="ir.ui.view">
            <field name="name">view_employee_filter.inherit</field>
            <field name="model">hr.employee</field>
            <field name="inherit_id" ref="hr.view_employee_filter"/>
            <field name="arch" type="xml">
            	<xpath expr="//filter[@string='Company']" position="after">
            		<filter string="Active" icon="terp-go-home" domain="[]" context="{'group_by':'active'}"/>
            	</xpath>
            	<xpath expr="//field[@name='category_ids']" position="after">
            		<filter string="Active" name="employee_active" domain="[('active','=',1)]"/>
            		<filter string="Inactive" name="employee_inactive" domain="[('active','=',0)]"/>
            	</xpath>
            	
            </field>
		</record>-->
  		
  		<record id="view_employee_tree_view_inherit" model="ir.ui.view">
            <field name="name">view_employee_tree.inherit</field>
            <field name="model">hr.employee</field>
            <field name="inherit_id" ref="hr.view_employee_tree"/>
            <field name="arch" type="xml">
            	<xpath expr="//tree[@string='Employees']" position="attributes">
            		<attribute name="delete">false</attribute>
            	</xpath>
            	<xpath expr="//field[@name='name']" position="before">
            		<field name ="employee_id"/>
            	</xpath>
            </field>
		</record>
  
		<record id="employee_leave_form_view" model="ir.ui.view">
            <field name="name">employee.leave.form</field>
            <field name="model">hr.employee</field>
            <field name="inherit_id" ref="hr.view_employee_form"/>
            <field name="arch" type="xml">
            	<xpath expr="//form[@string='Employee']" position="attributes">
            		<attribute name="delete">false</attribute>
            	</xpath>
            	
            	<xpath expr="//page[@string='Personal Information']" position="attributes">
            		<attribute name="groups">green_erp_arulmani_hrm.group_vvti_hrm_hr_key_user</attribute>
            	</xpath>
            	
            	<xpath expr="//page[@string='HR Settings']" position="attributes">
            		<attribute name="groups">green_erp_arulmani_hrm.group_vvti_hrm_hr_key_user</attribute>
            	</xpath>
            	
            	<xpath expr="//page[@string='HR Settings']" position="after">
            		<page string = 'Employee Leave Status'>
            			<field name ="employee_leave_id">
            				<form string="Employee Leave Detail" version="7.0">
            					<group>
	            					<field name ="employee_id" style="width:40%%" options="{'create': false, 'create_edit': false}"/>
	            					<field name ="year" style="width:40%%"/>
	            				</group>
            					<group string = "Employee Leave Details">
	            					<field name ="emp_leave_details_ids" nolabel="1">
										<tree string="Employee Leave Details" editable="top">
				    						<field name ="leave_type_id" options="{'create': false, 'create_edit': false}"/>
				    						<field name ="total_day"/>
				    						<field name ="total_taken"/>
	                					</tree>
	                				</field>
                				</group>
                			</form>
                			<tree string="Employee Leave Details">
                				
                				<field name ="year"/>
                			</tree>
                		</field>
                	</page> 
                </xpath>
            </field>
		</record>
		
    </data>
</openerp>
