<?xml version="1.0" encoding="utf-8"?>
<openerp>
    <data>
    	<record id="tpt_import_employee_tree_view" model="ir.ui.view">
			<field name="name">tpt.import.employee.tree</field>
			<field name="model">tpt.import.employee</field>
			<field name="arch" type="xml">
				<tree string="Import Employee">
					<field name ="name"/>
					<field name="state"/>
				</tree>
			</field>
		</record>

		<record id="tpt_import_employee_form_view" model="ir.ui.view">
            <field name="name">tpt.import.employee.form</field>
            <field name="model">tpt.import.employee</field>
            <field name="arch" type="xml">
                <form string="Import Employee" version="7.0">
                    <header>
	                    <button name="import_employee" states='draft' string="Import" type="object" class="oe_highlight" />
	                    <field name="state" widget="statusbar" statusbar_visible="draft,done" statusbar_colors='{"draft":"blue","done":"blue"}'/>
	                </header>                
                	<sheet>  
                		<group>
                		<field name ="name"/>
						<label for="datas" string="Data Upload Field"/>
							<div>
								<field name="datas" filename="datas_fname"/>
	                        	<field name="datas_fname" invisible="1" class="oe_inline oe_right"/>
	                        </div>
                		</group>
                	</sheet>
				</form>
			</field>
		</record>

        <record id="action_tpt_import_employee_form" model="ir.actions.act_window">
            <field name="name">Import Employee</field>
			<field name="type">ir.actions.act_window</field>
            <field name="res_model">tpt.import.employee</field>
            <field name="view_type">form</field>
            <field name="view_mode">tree,form</field>
            <field name="view_id" ref="tpt_import_employee_tree_view"/>
        </record>
        
        <menuitem action="action_tpt_import_employee_form"
            id="menu_action_tpt_import_employee_form"
            parent="hr.menu_hr_main" sequence="100"/>
            
        <record id="tpt_import_employee_family_tree_view" model="ir.ui.view">
			<field name="name">tpt.import.employee.family.tree</field>
			<field name="model">tpt.import.employee.family</field>
			<field name="arch" type="xml">
				<tree string="Import Employee's Family ">
					<field name ="name"/>
					<field name="state"/>
				</tree>
			</field>
		</record>

		<record id="tpt_import_employee_family_form_view" model="ir.ui.view">
            <field name="name">tpt.import.employee.family.form</field>
            <field name="model">tpt.import.employee.family</field>
            <field name="arch" type="xml">
                <form string="Import Employee's Family" version="7.0">
                    <header>
	                    <button name="import_employee_family" states='draft' string="Import" type="object" class="oe_highlight" />
	                    <field name="state" widget="statusbar" statusbar_visible="draft,done" statusbar_colors='{"draft":"blue","done":"blue"}'/>
	                </header>                
                	<sheet>  
                		<group>
                		<field name ="name"/>
						<label for="datas" string="Data Upload Field"/>
							<div>
								<field name="datas" filename="datas_fname"/>
	                        	<field name="datas_fname" invisible="1" class="oe_inline oe_right"/>
	                        </div>
                		</group>
                	</sheet>
				</form>
			</field>
		</record>

        <record id="action_tpt_import_employee_family_form" model="ir.actions.act_window">
            <field name="name">Import Employee's Family</field>
			<field name="type">ir.actions.act_window</field>
            <field name="res_model">tpt.import.employee.family</field>
            <field name="view_type">form</field>
            <field name="view_mode">tree,form</field>
            <field name="view_id" ref="tpt_import_employee_family_tree_view"/>
        </record>
        
        <menuitem action="action_tpt_import_employee_family_form"
            id="menu_action_tpt_import_employee_family_form"
            parent="hr.menu_hr_main" sequence="101"/>
            
        <record id="tpt_import_payroll_tree_view" model="ir.ui.view">
			<field name="name">tpt.import.payroll.tree</field>
			<field name="model">tpt.import.payroll</field>
			<field name="arch" type="xml">
				<tree string="Import Payroll Data ">
					<field name ="name"/>
					<field name="state"/>
				</tree>
			</field>
		</record>

		<record id="tpt_import_payroll_form_view" model="ir.ui.view">
            <field name="name">tpt.import.payroll.form</field>
            <field name="model">tpt.import.payroll</field>
            <field name="arch" type="xml">
                <form string="Import Payroll Data" version="7.0">
                    <header>
	                    <button name="import_payroll" states='draft' string="Import" type="object" class="oe_highlight" />
	                    <field name="state" widget="statusbar" statusbar_visible="draft,done" statusbar_colors='{"draft":"blue","done":"blue"}'/>
	                </header>                
                	<sheet>  
                		<group>
                		<field name ="name"/>
						<label for="datas" string="Data Upload Field"/>
							<div>
								<field name="datas" filename="datas_fname"/>
	                        	<field name="datas_fname" invisible="1" class="oe_inline oe_right"/>
	                        </div>
                		</group>
                	</sheet>
				</form>
			</field>
		</record>

        <record id="action_tpt_import_payroll_form" model="ir.actions.act_window">
            <field name="name">Import Payroll</field>
			<field name="type">ir.actions.act_window</field>
            <field name="res_model">tpt.import.payroll</field>
            <field name="view_type">form</field>
            <field name="view_mode">tree,form</field>
            <field name="view_id" ref="tpt_import_payroll_tree_view"/>
        </record>
        
        <menuitem action="action_tpt_import_payroll_form"
            id="menu_action_tpt_import_payroll_form"
            parent="hr.menu_hr_main" sequence="102"/>
    </data>
</openerp>