<?xml version="1.0" encoding="utf-8"?>
<openerp>
    <data>

		<record id="view_arul_hr_holiday_special_tree_vew" model="ir.ui.view">
			<field name="name">arul.hr.holiday.special.tree</field>
			<field name="model">arul.hr.holiday.special</field>
			<field name="arch" type="xml">
				<tree string="Special Holidays">
					<field name="name"/>
					<field name="date"/>
				</tree>
			</field>
		</record>
		
		<record id="view_arul_hr_holiday_special_form_vew" model="ir.ui.view">
            <field name="name">arul.hr.holiday.special.form</field>
            <field name="model">arul.hr.holiday.special</field>
            <field name="arch" type="xml">
                <form string="Special Holidays" version="7.0">    
                	<sheet>
	                    <group>
	                    	<field name="name"/>
							<field name="date"/>
	               	  	</group>
                	</sheet>
                </form>
            </field>
        </record>     
        
        <record id="action_arul_hr_holiday_special_form" model="ir.actions.act_window">
            <field name="name">Manage Special Holidays</field>
            <field name="type">ir.actions.act_window</field>
            <field name="res_model">arul.hr.holiday.special</field>
            <field name="view_type">form</field>
            <field name="view_mode">tree,form</field>
            <field name="view_id" ref="view_arul_hr_holiday_special_tree_vew"/>
        </record>
        
        <menuitem id="menu_hr_leave_management" parent="hr.menu_hr_root" name="Leave Management" sequence="25"/>
        <menuitem action="action_arul_hr_holiday_special_form"
            id="menu_action_arul_hr_holiday_special_form"
            parent="menu_hr_leave_management" sequence="0"/>

            
        <record id="view_arul_hr_leave_master_tree_vew" model="ir.ui.view">
			<field name="name">arul.hr.leave.master.tree</field>
			<field name="model">arul.hr.leave.master</field>
			<field name="arch" type="xml">
				<tree string="Leave Master">
					<field name="leave_type_id" />
					<field name="employee_category_id" />
					<field name="employee_sub_category_id"/>
					<field name="maximum_limit"/>
					<field name="carryforward_nextyear"/>
					<field name="condition"/>
				</tree>
			</field>
		</record>


		<record id="view_arul_hr_leave_master_form_vew" model="ir.ui.view">
            <field name="name">arul.hr.leave.master.form</field>
            <field name="model">arul.hr.leave.master</field>
            <field name="arch" type="xml">
                <form string="Leave Master" version="7.0">    
                	<sheet>
	                    <group col='4' colspan='2'>
	                    	<field name="leave_type_id" options="{'create': false, 'create_edit': false}"/>
	                    	<newline/>
							<field name="employee_category_id" options="{'create': false, 'create_edit': false}" on_change="onchange_employee_category_id(employee_category_id)" />
							<field name="employee_sub_category_id" options="{'create': false, 'create_edit': false}"/>
							<field name="maximum_limit"/>
							<field name="carryforward_nextyear"/>
							<field name="condition"/>
	               	  	</group>
                	</sheet>
                </form>
            </field>
        </record>     
        
        <record id="action_arul_hr_leave_master_form" model="ir.actions.act_window">
            <field name="name">Leave Master</field>
            <field name="type">ir.actions.act_window</field>
            <field name="res_model">arul.hr.leave.master</field>
            <field name="view_type">form</field>
            <field name="view_mode">tree,form</field>
            <field name="view_id" ref="view_arul_hr_leave_master_tree_vew"/>
        </record>
        
        
        <menuitem action="action_arul_hr_leave_master_form"
            id="menu_action_arul_hr_leave_master_form"
            parent="menu_hr_leave_management" sequence="1"/>
            
        
        <record id="view_arul_hr_leave_types_tree_vew" model="ir.ui.view">
			<field name="name">arul.hr.leave.types.tree</field>
			<field name="model">arul.hr.leave.types</field>
			<field name="arch" type="xml">
				<tree string="Leave Types">
					<field name="code"/>
					<field name="name"/>
				</tree>
			</field>
		</record>
		

		<record id="view_arul_hr_leave_types_form_vew" model="ir.ui.view">
            <field name="name">arul.hr.leave.types.form</field>
            <field name="model">arul.hr.leave.types</field>
            <field name="arch" type="xml">
	            <form string="Leave Types" version="7.0">   
	            	<sheet>
		                <group>    
			                <field name="code"/>
							<field name="name"/>
		                </group>   	
		         	</sheet>
		         </form>
			</field>
		</record>
          
		<record id="action_arul_hr_leave_types_form" model="ir.actions.act_window">
            <field name="name">Leave Types</field>
            <field name="type">ir.actions.act_window</field>
            <field name="res_model">arul.hr.leave.types</field>
            <field name="view_type">form</field>
            <field name="view_mode">tree,form</field>
            <field name="view_id" ref="view_arul_hr_leave_types_tree_vew"/>
        </record>
        
        <menuitem action="action_arul_hr_leave_types_form"
            id="menu_action_arul_hr_leave_types_form"
            parent="menu_hr_leave_management" sequence="20"/>

		<record id="view_arul_hr_capture_work_shift_tree_vew" model="ir.ui.view">
			<field name="name">arul.hr.capture.work.shift.tree</field>
			<field name="model">arul.hr.capture.work.shift</field>
			<field name="arch" type="xml">
				<tree string="Work Shift">
					<field name="code"/>
					<field name="name"/>
					<field name="description"/>
					<field name="start_time" widget="float_time"/>
					<field name="end_time" widget="float_time"/>
					<field name="time_total" widget="float_time"/>
					<field name="allowance"/>
				</tree>
			</field>
		</record>
		

		<record id="view_arul_hr_capture_work_shift_form_vew" model="ir.ui.view">
            <field name="name">arul.hr.capture.work.shift.form</field>
            <field name="model">arul.hr.capture.work.shift</field>
            <field name="arch" type="xml">
	            <form string="Work Shift" version="7.0">   
	            	<sheet>
		                <group>    
			                <field name="code"/>
							<field name="name"/>
							<field name="description"/>
						</group>
						<group col='4' colspan='2'>
							<field name="start_time" widget="float_time"/>
							<field name="end_time" widget="float_time"/>
							<field name="time_total" widget="float_time"/>
							<field name="allowance"/>
		                </group>   	
		         	</sheet>
		         </form>
			</field>
		</record>
          
		<record id="action_arul_hr_capture_work_shift_form" model="ir.actions.act_window">
            <field name="name">Work Shift</field>
            <field name="type">ir.actions.act_window</field>
            <field name="res_model">arul.hr.capture.work.shift</field>
            <field name="view_type">form</field>
            <field name="view_mode">tree,form</field>
            <field name="view_id" ref="view_arul_hr_capture_work_shift_tree_vew"/>
        </record>
        
        <menuitem action="action_arul_hr_capture_work_shift_form"
            id="menu_action_arul_hr_capture_work_shift_form"
            parent="menu_hr_leave_management" sequence="20"/>

		<record id="view_arul_hr_employee_leave_details_tree_vew" model="ir.ui.view">
			<field name="name">arul.hr.employee.leave.details.tree</field>
			<field name="model">arul.hr.employee.leave.details</field>
			<field name="arch" type="xml">
				<tree string="Employee Leave Details">
					<field name="employee_id" options="{'create': false, 'create_edit': false}"/>
					<field name="leave_type_id" options="{'create': false, 'create_edit': false}"/>
					<field name="date_from"/>
					<field name="date_to" />
					<field name="days_total"/>
					<field name="haft_day_leave"/>
					<field name="reason"/>
					<field name="state" widget="statusbar" statusbar_visible="draft,done" statusbar_colors='{"draft":"blue","done":"blue"}'/>
				</tree>
			</field>
		</record>
		
		<record id="view_arul_hr_employee_leave_details_form_vew" model="ir.ui.view">
            <field name="name">arul.hr.employee.leave.details.form</field>
            <field name="model">arul.hr.employee.leave.details</field>
            <field name="arch" type="xml">
	            <form string="Employee Leave Details" version="7.0">   
	           		<header>
	                    <button name="process_leave_request" states='draft' string="Process leave request" type="object" class="oe_highlight" groups="base.group_hr_manager"/>
	                    <button name="cancel_leave_request" states='draft' string="Cancel" type="object" class="oe_highlight" groups="base.group_hr_manager"/>
	                	<field name="state" widget="statusbar" statusbar_visible="draft,done" statusbar_colors='{"draft":"blue","done":"blue"}'/>
	                </header>   
	            	<sheet>
		                <group col='4' colspan='2'>    
			                <field name="employee_id" options="{'create': false, 'create_edit': false}" on_change="onchange_date(date_from, date_to,employee_id,leave_type_id,haft_day_leave)"/>
			                <newline/>
			                <field name="leave_type_id" options="{'create': false, 'create_edit': false}" on_change="onchange_date(date_from, date_to,employee_id,leave_type_id,haft_day_leave)"/>
			                <newline/>
							<field name="date_from" on_change="onchange_date(date_from, date_to,employee_id,leave_type_id,haft_day_leave)"/>
							<field name="date_to" on_change="onchange_date(date_from, date_to,employee_id,leave_type_id,haft_day_leave)"/>
							<field name="days_total"/>
							<field name="haft_day_leave" on_change="onchange_date(date_from, date_to,employee_id,leave_type_id,haft_day_leave)"/>
						</group>
						<group >
							<field name="reason"/>
		                </group>
		         	</sheet>
		         </form>
			</field>
		</record>
		
		<record id="action_arul_hr_employee_leave_details_form" model="ir.actions.act_window">
            <field name="name">Employee Leave Details</field>
            <field name="type">ir.actions.act_window</field>
            <field name="res_model">arul.hr.employee.leave.details</field>
            <field name="view_type">form</field>
            <field name="view_mode">tree,form</field>
            <field name="view_id" ref="view_arul_hr_employee_leave_details_tree_vew"/>
        </record>
        
        <menuitem action="action_arul_hr_employee_leave_details_form"
            id="menu_action_arul_hr_employee_leave_details_form"
            parent="menu_hr_leave_management" sequence="22"/>
            
		<record id="view_arul_hr_permission_onduty_tree_vew" model="ir.ui.view">
			<field name="name">arul.hr.permission.onduty.tree</field>
			<field name="model">arul.hr.permission.onduty</field>
			<field name="arch" type="xml">
				<tree string="Permission and On Duty">
					<field name="employee_id" options="{'create': false, 'create_edit': false}"/>
					<field name="non_availability_type_id" options="{'create': false, 'create_edit': false}"/>
					<field name="date"/>
					<field name="start_time" widget="float_time"/>
					<field name="end_time" widget="float_time"/>
					<field name="time_total" widget="float_time"/>
					<field name="reason"/>
					<field name="approval"/>
				</tree>
			</field>
		</record>
		

		<record id="view_arul_hr_permission_onduty_form_vew" model="ir.ui.view">
            <field name="name">arul.hr.permission.onduty.form</field>
            <field name="model">arul.hr.permission.onduty</field>
            <field name="arch" type="xml">
	            <form string="Permission and On Duty" version="7.0">   
	            	<sheet>
		                <group col='4' colspan='2'>    
			                <field name="employee_id" options="{'create': false, 'create_edit': false}"/>
			                <newline/>
							<field name="non_availability_type_id" options="{'create': false, 'create_edit': false}"/>
							<newline/>
							<field name="date"/>
							<field name="duty_location"/>
							<field name="start_time" widget="float_time"/>
							<field name="end_time" widget="float_time"/>
							<field name="time_total" widget="float_time"/>
							<field name="approval"/>
						</group>
						<group>
							<field name="reason"/>
						</group>
					</sheet>
		         </form>
			</field>
		</record>
		<record id="action_arul_hr_permission_onduty_form" model="ir.actions.act_window">
            <field name="name">Permission and On Duty</field>
            <field name="type">ir.actions.act_window</field>
            <field name="res_model">arul.hr.permission.onduty</field>
            <field name="view_type">form</field>
            <field name="view_mode">tree,form</field>
            <field name="view_id" ref="view_arul_hr_permission_onduty_tree_vew"/>
        </record>
        
        <menuitem action="action_arul_hr_permission_onduty_form"
            id="menu_action_arul_hr_permission_onduty_form"
            parent="menu_hr_leave_management" sequence="23"/>
		
        <record id="view_arul_hr_audit_shift_time_tree_vew" model="ir.ui.view">
			<field name="name">arul.hr.audit.shift.time.tree</field>
			<field name="model">arul.hr.audit.shift.time</field>
			<field name="arch" type="xml">
				<tree string="Audit Shift Time" create='false'>
					<field name="employee_id" options="{'create': false, 'create_edit': false}"/>
					<field name="work_date"/>
					<field name="employee_category_id" options="{'create': false, 'create_edit': false}"/>
					<field name="planned_work_shift_id" options="{'create': false, 'create_edit': false}"/>
					<field name="in_time" widget="float_time"/>
					<field name="out_time" widget="float_time"/>
					<field name="total_hours" widget="float_time"/>
					<field name="approval"/>
					<field name="state" widget="statusbar" statusbar_visible="draft,done" statusbar_colors='{"draft":"blue","done":"blue"}'/>
				</tree>
			</field>
		</record>

		<record id="view_arul_hr_audit_shift_time_form_vew" model="ir.ui.view">
            <field name="name">arul.hr.audit.shift.time.form</field>
            <field name="model">arul.hr.audit.shift.time</field>
            <field name="arch" type="xml">
	            <form string="Audit Shift Time" version="7.0" create='false'>
	            	<header>
	                    <button name="approve_shift_time" states='draft' string="Approve" type="object" class="oe_highlight" groups="base.group_hr_manager"/>
	                    <button name="reject_shift_time" states='draft' string="Reject" type="object" class="oe_highlight" groups="base.group_hr_manager"/>
	                	<field name="state" widget="statusbar" statusbar_visible="draft,done" statusbar_colors='{"draft":"blue","done":"blue"}'/>
	                </header>   
	            	<sheet>
		                <group col='4' colspan='2'>
							<field name="employee_id" on_change="onchange_category_employee_id(employee_id)" options="{'create': false, 'create_edit': false}"/>
							<field name="planned_work_shift_id" options="{'create': false, 'create_edit': false}"/>
							<field name="work_date"/>
							<field name="employee_category_id" options="{'create': false, 'create_edit': false}"/>
							<field name="in_time" widget="float_time"/>
							<field name="out_time" widget="float_time"/>
							<field name="total_hours" widget="float_time"/>
							<field name="approval"/>
						</group>    	
		         	</sheet>
		         </form>
			</field>
		</record>
		<record id="action_arul_hr_audit_shift_time_form" model="ir.actions.act_window">
            <field name="name">Audit Shift Time</field>
            <field name="type">ir.actions.act_window</field>
            <field name="res_model">arul.hr.audit.shift.time</field>
            <field name="view_type">form</field>
            <field name="view_mode">tree,form</field>
            <field name="domain">[('state','=','draft')]</field>
            <field name="view_id" ref="view_arul_hr_audit_shift_time_tree_vew"/>
        </record>
        
        <menuitem action="action_arul_hr_audit_shift_time_form"
            id="menu_action_arul_hr_audit_shift_time_form"
            parent="menu_hr_leave_management" sequence="20"/> 
	

		<record id="view_arul_hr_employee_attendence_details_tree_vew" model="ir.ui.view">
			<field name="name">arul.hr.employee.attendence.details.tree</field>
			<field name="model">arul.hr.employee.attendence.details</field>
			<field name="arch" type="xml">
				<tree string="Employee Attendence Details">
						<field name="employee_id" options="{'create': false, 'create_edit': false}"/>
						<field name="employee_category_id" options="{'create': false, 'create_edit': false}"/>
						<field name="sub_category_id" options="{'create': false, 'create_edit': false}"/>
						<field name="designation_id" options="{'create': false, 'create_edit': false}"/>
						<field name="department_id" options="{'create': false, 'create_edit': false}"/>
				</tree>
			</field>
		</record>
		

		<record id="view_arul_hr_employee_attendence_details_form_vew" model="ir.ui.view">
            <field name="name">arul.hr.employee.attendence.details.form</field>
            <field name="model">arul.hr.employee.attendence.details</field>
            <field name="arch" type="xml">
	            <form string="Employee Attendence Details" version="7.0">   
	            	<sheet>
		                <group col='4' colspan='2'>    
			                <field name="employee_id" context="{'search_employee_id':True}"  on_change="onchange_attendence_datails_employee_id(employee_id)"/>
			                <newline/>
							<field name="employee_category_id" options="{'create': false, 'create_edit': false}"/>
							<field name="sub_category_id" domain="[('category_id','=',employee_category_id)]" options="{'create': false, 'create_edit': false}"/>
							<field name="designation_id" options="{'create': false, 'create_edit': false}"/>
							<field name="department_id" on_change="onchange_department_id(department_id)" options="{'create': false, 'create_edit': false}"/>
						</group>
						<notebook>
							<page string = "Punch In/Punch Out Details">
								<field name="punch_in_out_line" nolabel='1'>
									<tree editable='top'>
										<field name="work_date"/>
										<field name="planned_work_shift_id" options="{'create': false, 'create_edit': false}"/>
										<field name="in_time" string="Punch In Time" widget="float_time"/>
										<field name="out_time" string="Punch Out Time" widget="float_time"/>
										<field name="total_hours" widget="float_time"/>
										<field name="approval"/>
										<field name="state" invisible = '1'/>
									</tree>
								</field>
							</page>
						
							<page string = "Permission and On Duty Details">
								<field name="permission_onduty_details_line" nolabel='1'>
									<tree editable='top'>
										
										<field name="non_availability_type_id" options="{'create': false, 'create_edit': false}"/>
										<field name="date"/>
										<field name="duty_location"/>
										<field name="start_time"/>
										<field name="end_time"/>
										<field name="time_total"/>
										<field name="reason"/>
										<field name="approval"/>
									</tree>
								</field>
							</page>
							
						</notebook>
						
		         	</sheet>
		         </form>
			</field>
		</record>
          
		<record id="action_arul_hr_employee_attendence_details_form" model="ir.actions.act_window">
            <field name="name">Employee Attendence Details</field>
            <field name="type">ir.actions.act_window</field>
            <field name="res_model">arul.hr.employee.attendence.details</field>
            <field name="view_type">form</field>
            <field name="view_mode">tree,form</field>
            <field name="view_id" ref="view_arul_hr_employee_attendence_details_tree_vew"/>
        </record>
        
        <menuitem action="action_arul_hr_employee_attendence_details_form"
            id="menu_action_arul_hr_employee_attendence_details_form"
            parent="menu_hr_leave_management" sequence="24"/>
          		
        <record id="view_arul_hr_monthly_work_schedule_tree_vew" model="ir.ui.view">
			<field name="name">arul.hr.monthly.work.schedule.tree</field>
			<field name="model">arul.hr.monthly.work.schedule</field>
			<field name="arch" type="xml">
				<tree string="Monthly Work Schedule">
					<field name="department_id" options="{'create': false, 'create_edit': false}"/>
					<field name="section_id" options="{'create': false, 'create_edit': false}"/>
					<field name="year"/>
					<field name="month"/>
					<field name="state" widget="statusbar" statusbar_visible="draft,done" statusbar_colors='{"draft":"blue","done":"blue"}'/>
				</tree>
			</field>
		</record>
		

		<record id="view_arul_hr_monthly_work_schedule_form_vew" model="ir.ui.view">
            <field name="name">arul.hr.monthly.work.schedule.form</field>
            <field name="model">arul.hr.monthly.work.schedule</field>
            <field name="arch" type="xml">
	            <form string="Monthly Work Schedule" version="7.0">
	            	<header>
	                    <button name="load_previous_month" states='draft' string="Load Previous Month Schedule" type="object" class="oe_highlight" />
	                    <button name="approve_current_month" states='load,draft' string="Approve Current Month Schedule" type="object" class="oe_highlight" />
	                    <button name="set_to_draft" states='done' string="Set To Draft" type="object" class="oe_highlight" />
	                    <field name="state" widget="statusbar" statusbar_visible="draft,done" statusbar_colors='{"draft":"blue","done":"blue"}'/>
	                </header> 
	            	<sheet>
						<group col='4' colspan='2'>
							<field name="department_id" on_change="onchange_department_id(department_id,month,year)" options="{'create': false, 'create_edit': false}"/>
							<field name="section_id" domain="[('department_id','=',department_id)]" options="{'create': false, 'create_edit': false}"/>
							<field name="year" on_change="onchange_year_month(department_id,month,year)"/>
							<field name="month" on_change="onchange_year_month(department_id,month,year)"/>
						</group>
						<notebook>
							<page string = 'Monthly Shift Schedule'>
								<field name="monthly_shift_line" nolabel='1' class='oe_green_erp_scroll' context="{'year': year,'month':month}">
		                    		<tree>
		                    			<field name="num_of_month" invisible="1"/>
		                    			<field name="employee_id" options="{'create': false, 'create_edit': false}"/>
		                    			<field name="day_1" options="{'create': false, 'create_edit': false}"/>
	                    				<field name="day_2" options="{'create': false, 'create_edit': false}"/>
	                    				<field name="day_3" options="{'create': false, 'create_edit': false}"/>
	                    				<field name="day_4" options="{'create': false, 'create_edit': false}"/>
	                    				<field name="day_5" options="{'create': false, 'create_edit': false}"/>
	                    				<field name="day_6" options="{'create': false, 'create_edit': false}"/>
	                    				<field name="day_7" options="{'create': false, 'create_edit': false}"/>
	                    				<field name="day_8" options="{'create': false, 'create_edit': false}"/>
	                    				<field name="day_9" options="{'create': false, 'create_edit': false}"/>
	                    				<field name="day_10" options="{'create': false, 'create_edit': false}"/>
	                    				<field name="day_11" options="{'create': false, 'create_edit': false}"/>
	                    				<field name="day_12" options="{'create': false, 'create_edit': false}"/>
	                    				<field name="day_13" options="{'create': false, 'create_edit': false}"/>
	                    				<field name="day_14" options="{'create': false, 'create_edit': false}"/>
	                    				<field name="day_15" options="{'create': false, 'create_edit': false}"/>
	                    				<field name="day_16" options="{'create': false, 'create_edit': false}"/>
	                    				<field name="day_17" options="{'create': false, 'create_edit': false}"/>
	                    				<field name="day_18" options="{'create': false, 'create_edit': false}"/>
	                    				<field name="day_19" options="{'create': false, 'create_edit': false}"/>
	                    				<field name="day_20" options="{'create': false, 'create_edit': false}"/>
	                    				<field name="day_21" options="{'create': false, 'create_edit': false}"/>
	                    				<field name="day_22" options="{'create': false, 'create_edit': false}"/>
	                    				<field name="day_23" options="{'create': false, 'create_edit': false}"/>
	                    				<field name="day_24" options="{'create': false, 'create_edit': false}"/>
	                    				<field name="day_25" options="{'create': false, 'create_edit': false}"/>
	                    				<field name="day_26" options="{'create': false, 'create_edit': false}"/>
	                    				<field name="day_27" options="{'create': false, 'create_edit': false}"/>
	                    				<field name="day_28" options="{'create': false, 'create_edit': false}"/>
	                    				<field name="day_29" attrs="{'invisible':[('num_of_month','&lt;',29)]}" options="{'create': false, 'create_edit': false}"/>
	                    				<field name="day_30" attrs="{'invisible':[('num_of_month','&lt;',30)]}" options="{'create': false, 'create_edit': false}"/>
	                    				<field name="day_31" attrs="{'invisible':[('num_of_month','&lt;',31)]}" options="{'create': false, 'create_edit': false}"/>
		                    		</tree>
		                    		<form>
		                    			<header>
		                    				<button name="load" string="Load" type="object" invisible = "1" />
		                    			</header>
		                    			<group col='4' colspan='4'>
			                    			<field name="num_of_month" on_change="onchange_monthly(num_of_month, shift_day_from, shift_day_to, work_shift_id)" invisible="1"/>
			                    			<field name="employee_id" options="{'create': false, 'create_edit': false}"/>
			                    		</group>
			                    		<group col='6' colspan='6'>
			                    			<group colspan='2'>
			                    				<field name="shift_day_from" class="oe_green_erp_scroll_y" domain="[('name','&lt;=',num_of_month)]" options="{'limit':31,'create': false, 'create_edit': false}" on_change="onchange_monthly(num_of_month, shift_day_from, shift_day_to, work_shift_id)"/>
			                    			</group>
			                    			<group colspan='2'>
			                    				<field name="shift_day_to" class="oe_green_erp_scroll_y" domain="[('name','&lt;=',num_of_month)]" options="{'limit':31,'create': false, 'create_edit': false}" on_change="onchange_monthly(num_of_month, shift_day_from, shift_day_to, work_shift_id)"/>
			                    				</group>
			                    			<group colspan='2'>
			                    				<field name="work_shift_id" options="{'create': false, 'create_edit': false}" on_change="onchange_monthly(num_of_month, shift_day_from, shift_day_to, work_shift_id)"/>
			                    			</group>
		                    			</group>
		                    			<group col='6' colspan='6'>
			                    			<group colspan='2'>
				                    			<field name="day_1" options="{'create': false, 'create_edit': false}"/>
			                    				<field name="day_2" options="{'create': false, 'create_edit': false}"/>
			                    				<field name="day_3" options="{'create': false, 'create_edit': false}"/>
			                    				<field name="day_4" options="{'create': false, 'create_edit': false}"/>
			                    				<field name="day_5" options="{'create': false, 'create_edit': false}"/>
			                    				<field name="day_6" options="{'create': false, 'create_edit': false}"/>
			                    				<field name="day_7" options="{'create': false, 'create_edit': false}"/>
			                    				<field name="day_8" options="{'create': false, 'create_edit': false}"/>
			                    				<field name="day_9" options="{'create': false, 'create_edit': false}"/>
			                    				<field name="day_10" options="{'create': false, 'create_edit': false}"/>
			                    			</group>
			                    			<group colspan='2'>
			                    				<field name="day_11" options="{'create': false, 'create_edit': false}"/>
			                    				<field name="day_12" options="{'create': false, 'create_edit': false}"/>
			                    				<field name="day_13" options="{'create': false, 'create_edit': false}"/>
			                    				<field name="day_14" options="{'create': false, 'create_edit': false}"/>
			                    				<field name="day_15" options="{'create': false, 'create_edit': false}"/>
			                    			
			                    				<field name="day_16" options="{'create': false, 'create_edit': false}"/>
			                    				<field name="day_17" options="{'create': false, 'create_edit': false}"/>
			                    				<field name="day_18" options="{'create': false, 'create_edit': false}"/>
			                    				<field name="day_19" options="{'create': false, 'create_edit': false}"/>
			                    				<field name="day_20" options="{'create': false, 'create_edit': false}"/>
			                    				</group>
			                    			<group colspan='2'>
			                    				<field name="day_21" options="{'create': false, 'create_edit': false}"/>
			                    				<field name="day_22" options="{'create': false, 'create_edit': false}"/>
			                    				<field name="day_23" options="{'create': false, 'create_edit': false}"/>
			                    				<field name="day_24" options="{'create': false, 'create_edit': false}"/>
			                    				<field name="day_25" options="{'create': false, 'create_edit': false}"/>
			                    				<field name="day_26" options="{'create': false, 'create_edit': false}"/>
			                    				<field name="day_27" options="{'create': false, 'create_edit': false}"/>
			                    				<field name="day_28" options="{'create': false, 'create_edit': false}"/>
			                    				<field name="day_29" attrs="{'invisible':[('num_of_month','&lt;',29)]}" options="{'create': false, 'create_edit': false}"/>
			                    				<field name="day_30" attrs="{'invisible':[('num_of_month','&lt;',30)]}" options="{'create': false, 'create_edit': false}"/>
			                    				<field name="day_31" attrs="{'invisible':[('num_of_month','&lt;',31)]}" options="{'create': false, 'create_edit': false}"/>
			                    			</group>
		                    			</group>
		                    		</form>
		                    	</field>
                    		</page>
						</notebook>   	
		         	</sheet>
		         </form>
			</field>
		</record>

		<record id="action_arul_hr_monthly_work_schedule_form" model="ir.actions.act_window">
            <field name="name">Monthly Work Schedule</field>
            <field name="type">ir.actions.act_window</field>
            <field name="res_model">arul.hr.monthly.work.schedule</field>
            <field name="view_type">form</field>
            <field name="view_mode">tree,form</field>
            <field name="view_id" ref="view_arul_hr_monthly_work_schedule_tree_vew"/>
        </record>
        
        <menuitem action="action_arul_hr_monthly_work_schedule_form"
            id="menu_action_arul_hr_monthly_work_schedule_form"
            parent="menu_hr_leave_management" sequence="20"/>
            
            
        <record id="arul_hr_punch_in_out_tree_view" model="ir.ui.view">
			<field name="name">arul.hr.punch.in.out.tree</field>
			<field name="model">arul.hr.punch.in.out</field>
			<field name="arch" type="xml">
				<tree string="Punch In/Punch Out">
					<field name ="name"/>
					<field name="state"/>
				</tree>
			</field>
		</record>

		<record id="arul_hr_punch_in_out_form_view" model="ir.ui.view">
            <field name="name">arul.hr.punch.in.out.form</field>
            <field name="model">arul.hr.punch.in.out</field>
            <field name="arch" type="xml">
                <form string="Upload Punch In/Punch Out" version="7.0">
                    <header>
	                    <button name="upload_punch_in_out" states='draft' string="Upload Punch In/Punch Out" type="object" class="oe_highlight" />
	                    <field name="state" widget="statusbar" statusbar_visible="draft,done" statusbar_colors='{"draft":"blue","done":"blue"}'/>
	                </header>                
                	<sheet>  
                		<group>
                		<field name ="name"/>
						<label for="datas" string="Data Upload Field"/>
							<div>
								<field name="datas" filename="datas_fname"/>
	                        	<field name="datas_fname" invisible="1" class="oe_inline oe_right"/>
	                        </div>
                		</group>
                	</sheet>
				</form>
			</field>
		</record>

        <record id="action_arul_hr_punch_in_out_form" model="ir.actions.act_window">
            <field name="name">Upload Punch In/Punch Out</field>
			<field name="type">ir.actions.act_window</field>
            <field name="res_model">arul.hr.punch.in.out</field>
            <field name="view_type">form</field>
            <field name="view_mode">tree,form</field>
            <field name="view_id" ref="arul_hr_punch_in_out_tree_view"/>
        </record>
        
        <menuitem action="action_arul_hr_punch_in_out_form"
            id="menu_action_arul_hr_punch_in_out_form"
            parent="menu_hr_leave_management" sequence="26"/>
            
    	
    	<record id="view_tpt_work_center_tree_vew" model="ir.ui.view">
			<field name="name">tpt.work.center.tree</field>
			<field name="model">tpt.work.center</field>
			<field name="arch" type="xml">
				<tree string="Work Center">
					<field name="code"/>
					<field name="name"/>
				</tree>
			</field>
		</record>
		
		<record id="view_tpt_work_center_form_vew" model="ir.ui.view">
            <field name="name">tpt.work.center.form</field>
            <field name="model">tpt.work.center</field>
            <field name="arch" type="xml">
	            <form string="Work Center" version="7.0">   
	            	<sheet>
		                <group>    
			                <field name="code"/>
							<field name="name"/>
		                </group>   	
		         	</sheet>
		         </form>
			</field>
		</record>
          
		<record id="action_tpt_work_center_form" model="ir.actions.act_window">
            <field name="name">Work Center</field>
            <field name="type">ir.actions.act_window</field>
            <field name="res_model">tpt.work.center</field>
            <field name="view_type">form</field>
            <field name="view_mode">tree,form</field>
            <field name="view_id" ref="view_tpt_work_center_tree_vew"/>
        </record>            
         
         <menuitem action="action_tpt_work_center_form"
            id="menu_action_tpt_work_center_form"
            parent="menu_hr_leave_management" sequence="28"/>
            
    	<record id="view_tpt_cost_center_tree_vew" model="ir.ui.view">
			<field name="name">tpt.cost.center.tree</field>
			<field name="model">tpt.cost.center</field>
			<field name="arch" type="xml">
				<tree string="Cost Center">
					<field name="code"/>
					<field name="name"/>
				</tree>
			</field>
		</record>
		
		<record id="view_tpt_cost_center_form_vew" model="ir.ui.view">
            <field name="name">tpt.cost.center.form</field>
            <field name="model">tpt.cost.center</field>
            <field name="arch" type="xml">
	            <form string="Cost Center" version="7.0">   
	            	<sheet>
		                <group>    
			                <field name="code"/>
							<field name="name"/>
		                </group>   	
		         	</sheet>
		         </form>
			</field>
		</record>
          
		<record id="action_tpt_cost_center_form" model="ir.actions.act_window">
            <field name="name">Cost Center</field>
            <field name="type">ir.actions.act_window</field>
            <field name="res_model">tpt.cost.center</field>
            <field name="view_type">form</field>
            <field name="view_mode">tree,form</field>
            <field name="view_id" ref="view_tpt_cost_center_tree_vew"/>
        </record>            
         
         <menuitem action="action_tpt_cost_center_form"
            id="menu_action_tpt_cost_center_form"
            parent="menu_hr_leave_management" sequence="29"/> 
            
    	<record id="view_tpt_equipment_master_tree_vew" model="ir.ui.view">
			<field name="name">tpt.equipment.master.tree</field>
			<field name="model">tpt.equipment.master</field>
			<field name="arch" type="xml">
				<tree string="Equipment Master">
					<field name="code"/>
					<field name="name"/>
				</tree>
			</field>
		</record>
		
		<record id="view_tpt_equipment_master_form_vew" model="ir.ui.view">
            <field name="name">tpt.equipment.master.form</field>
            <field name="model">tpt.equipment.master</field>
            <field name="arch" type="xml">
	            <form string="Equipment Master" version="7.0">   
	            	<sheet>
		                <group>    
			                <field name="code"/>
							<field name="name"/>
		                </group>   	
		         	</sheet>
		         </form>
			</field>
		</record>
          
		<record id="action_tpt_equipment_master_form" model="ir.actions.act_window">
            <field name="name">Equipment Master</field>
            <field name="type">ir.actions.act_window</field>
            <field name="res_model">tpt.equipment.master</field>
            <field name="view_type">form</field>
            <field name="view_mode">tree,form</field>
            <field name="view_id" ref="view_tpt_equipment_master_tree_vew"/>
        </record>            
         
        <menuitem action="action_tpt_equipment_master_form"
            id="menu_action_tpt_equipment_master_form"
            parent="menu_hr_leave_management" sequence="30" groups="group_vvti_hrm_admin"/>
            
        <record id="view_tpt_manage_equipment_inventory_tree_vew" model="ir.ui.view">
			<field name="name">tpt.manage.equipment.inventory.tree</field>
			<field name="model">tpt.manage.equipment.inventory</field>
			<field name="arch" type="xml">
				<tree string="Manage Equipment Inventory">
					<field name="employee_id"/>
					<field name="equipment_id"/>
					<field name="allocated_qty"/>
					<field name="returned_qty"/>
					<field name="total_qty"/>
				</tree>
			</field>
		</record>
		
		<record id="view_tpt_manage_equipment_inventory_form_vew" model="ir.ui.view">
            <field name="name">tpt.manage.equipment.inventory.form</field>
            <field name="model">tpt.manage.equipment.inventory</field>
            <field name="arch" type="xml">
	            <form string="Manage Equipment Inventory" version="7.0">   
	            	<sheet>
		                <group>    
			                <field name="employee_id"/>
							<field name="equipment_id"/>
							<field name="allocated_qty"/>
							<field name="returned_qty"/>
							<field name="total_qty"/>
		                </group>   	
		         	</sheet>
		         </form>
			</field>
		</record>
          
		<record id="action_tpt_manage_equipment_inventory_form" model="ir.actions.act_window">
            <field name="name">Manage Equipment Inventory</field>
            <field name="type">ir.actions.act_window</field>
            <field name="res_model">tpt.manage.equipment.inventory</field>
            <field name="view_type">form</field>
            <field name="view_mode">tree,form</field>
            <field name="view_id" ref="view_tpt_manage_equipment_inventory_tree_vew"/>
        </record>            
         
        <menuitem action="action_tpt_manage_equipment_inventory_form"
            id="menu_action_tpt_manage_equipment_inventory_form"
            parent="menu_hr_leave_management" sequence="31"/>   
                     
    	<record id="tpt_time_leave_evaluation_tree_view" model="ir.ui.view">
			<field name="name">tpt.time.leave.evaluation.tree</field>
			<field name="model">tpt.time.leave.evaluation</field>
			<field name="arch" type="xml">
				<tree string="Time/Leave Evaluation">
					<field name="payroll_area_id"/>
					<field name="month"/>
					<field name="year"/>
				</tree>
			</field>
	   </record>
	   
	   <record id="tpt_time_leave_evaluation_form_view" model="ir.ui.view">
            <field name="name">tpt.time.leave.evaluation.form</field>
            <field name="model">tpt.time.leave.evaluation</field>
            <field name="arch" type="xml">
	            <form string="Approve Reject Payroll" version="7.0">  
	            <header>
	                <button name="submit_evaluate" string="Submit" type="object" class="oe_highlight"/>
	            </header>    
	            <sheet>
		           <group col = '4' colspan = '2'>    
						<field name="payroll_area_id" options="{'create': false, 'create_edit': false}"/>
						<field name="month"/>
						<field name="year"/>
		           </group> 
		           <group col = '4' colspan = '2' string="Time Evaluation Report">    
						<field name="shift_time_id" editable="top" nolabel="1">
							<tree>
								<field name="employee_id"/>
								<field name="work_date"/>
								<field name="planned_work_shift_id"/>
								<field name="in_time"/>
								<field name="out_time"/>
								<field name="total_hours"/>
								<field name="state"/>
							</tree>
						</field>
		           </group>
		           <group col = '4' colspan = '2' string="Non Availability Report">    
						<field name="non_availability_id" editable="top" nolabel="1">
							<tree>
								<field name="employee_id"/>
								<field name="date"/>
								<field name="state"/>
							</tree>
						</field>
		           </group>
		           <group col = '4' colspan = '2' string="Not Approved Section">    
						<field name="leave_request_id" editable="top" nolabel="1">
							<tree>
								<field name="employee_id"/>
								<field name="date_from" string ="Leave Date"/>
								<field name="state"/>
							</tree>
						</field>
		           </group> 
		        </sheet>
		        </form>
		     </field>   
       </record>
       
       <record id="action_tpt_time_leave_evaluation_form" model="ir.actions.act_window">
            <field name="name">Time Leave Evaluation</field>
            <field name="type">ir.actions.act_window</field>
            <field name="res_model">tpt.time.leave.evaluation</field>
            <field name="view_type">form</field>
            <field name="view_mode">tree,form</field>
            <field name="view_id" ref="tpt_time_leave_evaluation_tree_view"/>
        </record>       
            
       <menuitem action="action_tpt_time_leave_evaluation_form"
            id="menu_action_tpt_time_leave_evaluation_form"
            parent="menu_hr_leave_management" sequence="32"/>
    	
    	<record model="ir.values" id="sale_order_make_invoice">
            <field name="model_id" ref="model_arul_hr_audit_shift_time" />
            <field name="name">Aprove or Reject</field>
            <field name="key2">client_action_multi</field>
            <field name="value" eval="'ir.actions.act_window,' + str(ref('action_aprove_or_reject_audit_form'))" />
            <field name="key">action</field>
            <field name="model">arul.hr.audit.shift.time</field>
        </record>
    	
	</data>
</openerp>