<?xml version="1.0" encoding="utf-8"?>
<openerp>
    <data noupdate="0">

		<!--    Blanked Order     -->

        <record id="sequence_tpt_blanked_order_import_code" model="ir.sequence.type">
            <field name="name">Blanked Order Import</field>
            <field name="code">tpt.blanked.order.import</field>
        </record>
        
        <record id="sequence_tpt_blanked_order_import_item" model="ir.sequence">
            <field name="name">Blanked Order Import</field>
            <field name="code">tpt.blanked.order.import</field>
            <field name="prefix">VVTI/BO/</field>
            <field name="padding">6</field>
            <field name="number_next_actual">000001</field>
            <field name="implementation">no_gap</field>
	
        </record>
        
        <!--    Sale Order     
        
        <record id="sequence_tpt_sale_order_import_code" model="ir.sequence.type">
            <field name="name">Sale Order Import</field>
            <field name="code">tpt.sale.order.import</field>
        </record>
        
        <record id="sequence_tpt_sale_order_import_item" model="ir.sequence">
            <field name="name">Sale Order Import</field>
            <field name="code">tpt.sale.order.import</field>
            <field name="prefix">%(year)s</field>
            <field name="padding">6</field>
            <field name="number_next_actual">000001</field>
            <field name="implementation">no_gap</field>
        </record>
        
        -->
        
        <!--    Batch Request     -->
        
       	<record id="sequence_tpt_batch_req_import_code" model="ir.sequence.type">
            <field name="name">Batch Request Import</field>
            <field name="code">tpt.batch.req.import</field>
        </record>
        
        <record id="sequence_tpt_batch_req_import_item" model="ir.sequence">
            <field name="name">Batch Request Import</field>
            <field name="code">tpt.batch.req.import</field>
            <field name="prefix">VVTi/BR/</field>
            <field name="padding">6</field>
            <field name="number_next_actual">000001</field>
            <field name="implementation">no_gap</field>
	
        </record>
        
        

    </data>
</openerp>