<?xml version="1.0" encoding="utf-8"?>
<openerp>
    <data noupdate="1">

		<!--    Blanked Order     -->

        <record id="sequence_tpt_blanked_order_import_code" model="ir.sequence.type">
            <field name="name">Blanked Order Import</field>
            <field name="code">tpt.blanked.order.import</field>
        </record>
        
        <record id="sequence_tpt_blanked_order_import_item" model="ir.sequence">
            <field name="name">Blanked Order Import</field>
            <field name="code">tpt.blanked.order.import</field>
            <field name="prefix">VVTI/BO/</field>
            <field name="padding">6</field>
            <field name="number_next_actual">000001</field>
            <field name="implementation">no_gap</field>
	
        </record>
        
        <!--    Sale Order     
        
        <record id="sequence_tpt_sale_order_import_code" model="ir.sequence.type">
            <field name="name">Sale Order Import</field>
            <field name="code">tpt.sale.order.import</field>
        </record>
        
        <record id="sequence_tpt_sale_order_import_item" model="ir.sequence">
            <field name="name">Sale Order Import</field>
            <field name="code">tpt.sale.order.import</field>
            <field name="prefix">%(year)s</field>
            <field name="padding">6</field>
            <field name="number_next_actual">000001</field>
            <field name="implementation">no_gap</field>
        </record>
        
        -->
        
        <!--    Batch Request     -->
        
       	<record id="sequence_tpt_batch_req_import_code" model="ir.sequence.type">
            <field name="name">Batch Request Import</field>
            <field name="code">tpt.batch.req.import</field>
        </record>
        
        <record id="sequence_tpt_batch_req_import_item" model="ir.sequence">
            <field name="name">Batch Request Import</field>
            <field name="code">tpt.batch.req.import</field>
            <field name="prefix">VVTi/BR/</field>
            <field name="padding">6</field>
            <field name="number_next_actual">000001</field>
            <field name="implementation">no_gap</field>
	
        </record>
        
                <!--    Stock Move     -->
        
       	<record id="sequence_tpt_stock_move_import_code" model="ir.sequence.type">
            <field name="name">Stock Move Import</field>
            <field name="code">tpt.stock.move.import</field>
        </record>
        
        <record id="sequence_tpt_stock_move_import_item" model="ir.sequence">
            <field name="name">Stock Move Import</field>
            <field name="code">tpt.stock.move.import</field>
            <field name="prefix">VVTI/SM/</field>
            <field name="padding">8</field>
            <field name="number_next_actual">00000001</field>
            <field name="implementation">no_gap</field>
	
        </record>
        
        		<!--    Customer Invoice    -->
        
       	<record id="sequence_tpt_customer_invoice_import_code" model="ir.sequence.type">
            <field name="name">Customer Invoice Import</field>
            <field name="code">tpt.customer.invoice.import</field>
        </record>
        
        <record id="sequence_tpt_customer_invoice_import_item" model="ir.sequence">
            <field name="name">Customer Invoice Import</field>
            <field name="code">tpt.customer.invoice.import</field>
            <field name="prefix">%(year)s</field>
            <field name="padding">6</field>
            <field name="number_next_actual">000001</field>
            <field name="implementation">no_gap</field>
		
        </record>
        
        		<!--    From A.R.E - 1     -->
        
        <record id="sequence_tpt_form_are_1_import_code" model="ir.sequence.type">
            <field name="name">From ARE - 1</field>
            <field name="code">tpt.form.area.1.import</field>
        </record>
        
        <record id="sequence_tpt_form_are_1_import_item" model="ir.sequence">
            <field name="name">From ARE - 1</field>
            <field name="code">tpt.form.area.1.import</field>
            <field name="prefix">VVTi/ARE1/</field>
            <field name="padding">6</field>
            <field name="number_next_actual">000001</field>
            <field name="implementation">no_gap</field>
	
        </record>
        
        <!--    Post Goods Issue   -->
        
       	<record id="sequence_tpt_pgi_import_code" model="ir.sequence.type">
            <field name="name">Post Goods Issue Import</field>
            <field name="code">tpt.pgi.import</field>
        </record>
        
        <record id="sequence_tpt_pgi_import_item" model="ir.sequence">
            <field name="name">Post Goods Issue Import</field>
            <field name="code">tpt.pgi.import</field>
            <field name="prefix">VVTi/PGI/</field>
            <field name="padding">6</field>
            <field name="number_next_actual">00000001</field>
            <field name="implementation">no_gap</field>
	
        </record>

    </data>
</openerp>