<?xml version="1.0" encoding="utf-8"?>
<openerp>
    <data>
     
        <record id="tpt_view_order_form" model="ir.ui.view">
            <field name="name">tpt.sale.order.form</field>
            <field name="model">sale.order</field>
            <field name="inherit_id" ref="sale.view_order_form"/>
            <field name="arch" type="xml">
                <xpath expr="//field[@name='partner_id']" position="after" >
                		<field name="blanket_id" on_change="onchange_blanket_id(blanket_id)" />
                		<field name="invoice_address" placeholder="Street..."/>
                		<field name="street2"/>
                		<field name="city" placeholder="City"/>
                		<field name="country_id" placeholder="Country" options="{'create': false, 'create_edit': false}"/>
                		<field name="state_id" placeholder="State" options="{'create': false, 'create_edit': false}"/>
                		<field name="zip" placeholder="ZIP"/> 
                		<field name="document_type"/>
                		<field name="payment_term_id" options="{'create': false, 'create_edit': false}"/>
                		<field name="incoterms_id" />
                		<field name="excise_duty_id" options="{'create': false, 'create_edit': false}"/>
	        	</xpath>
				<xpath expr="//field[@name='date_order']"  position="replace">
					<field name="date_order" string = "SO Date" readonly = "1" on_change = "onchange_so_date(date_order, blanket_id)"/>
                	<field name="po_date" on_change="onchange_po_date(po_date)" />
                	<field name="po_number" />
                	<field name="expected_date" />
                	<field name="quotaion_no"/>
                	<field name="distribution_channel" options="{'create': false, 'create_edit': false}" />
                	<field name="sale_tax_id" options="{'create': false, 'create_edit': false}"/>
                	<field name="document_status"/>
                	 <field name="reason" />
				</xpath>
				<xpath expr="//field[@name='client_order_ref']"  position="replace">
					<field name="client_order_ref" invisible="1" />
				</xpath>
				<xpath expr="//field[@name='partner_shipping_id']"  position="replace">
					<field name="partner_shipping_id" required="0" invisible="1" />
				</xpath>
				<xpath expr="//field[@name='partner_invoice_id']"  position="replace">
					<field name="partner_invoice_id" required="0" invisible="1" />
				</xpath>

				<xpath expr="//field[@name='date_order']"  position="before">
					<field name="order_type" />
				</xpath>
				<xpath expr="//field[@name='currency_id']"  position="replace">
					<field name="currency_id" invisible="0" readonly = "0" required = "0"/>
				</xpath>
				<xpath expr="//field[@name='payment_term']"  position="replace">
				</xpath>
			
				<xpath expr="//form/sheet/notebook/page[@string='Order Lines']/field/tree/field[@name='name']"  position="after">
					<field name="product_type" />
					<field name="application_id" />
				</xpath>
				<xpath expr="//form/sheet/notebook/page[@string='Order Lines']/field/tree/field[@name='product_id']"  position="replace">
					<field name="product_id" on_change="onchange_product_id(product_id)"/>
				</xpath>
				<xpath expr="//form/sheet/notebook/page[@string='Order Lines']/field/tree/field[@name='product_uom']"  position="attributes">
					<attribute name="readonly">1</attribute>
				</xpath>
				<xpath expr="//form/sheet/notebook/page[@string='Order Lines']/field/tree/field[@name='price_subtotal']"  position="after">
					<field name="freight" />
				</xpath>
				
				<xpath expr="//form/sheet/notebook/page[@string='Order Lines']/field/tree/field[@name='tax_id']"  position="attributes">
					<attribute name='invisible'>1</attribute>
				</xpath>
				

				<xpath expr="//page[@string='Order Lines']"  position="after">
					<page string="Consinee">
						<field name="sale_consignee_line" nolabel='1'>
		                    	<tree editable='top' >
		                    		<field name ="name_consignee_id" options="{'create': false, 'create_edit': false}"/>
		                    		<field name ="location"/>
		                    		<field name ="product_id"/>
		                    		<field name ="product_uom_qty"/>
		                    		<field name ="uom_po_id" options="{'create': false, 'create_edit': false}"/>
		                    	</tree>
		                </field>
					</page>
				</xpath>
				
				<xpath expr="//field[@name='partner_id']"  position="replace">
					<field name="partner_id" on_change = "onchange_partner_id(partner_id)"/>
				</xpath>
				<xpath expr="//button[@name='action_button_confirm']"  position="attributes">
					<attribute name='invisible'>1</attribute>
				</xpath>
	       	</field>
        </record>
        
        
    <record id="view_tpt_blanket_order_tree_vew" model="ir.ui.view">
			<field name="name">tpt.blanket.order.tree</field>
			<field name="model">tpt.blanket.order</field>
			<field name="arch" type="xml">
				<tree string="Blanket Order">
						<field name="name" />
						<field name="customer_id" options="{'create': false, 'create_edit': false}"/>
						<field name="invoice_address" />
						<field name="document_type" />
						<field name="payment_term_id" options="{'create': false, 'create_edit': false}"/>
						<field name="currency_id" />
						<field name="incoterm_id" />
						<field name="excise_duty_id" />
						<field name="bo_date" />
						<field name="po_date" /> 
						<field name="po_number" />
						<field name="exp_delivery_date" />
						<field name="quotaion_no" />
						<field name="channel" />
						<field name="sale_tax_id" options="{'create': false, 'create_edit': false}"/>
						<field name="order_type" />
						<field name="state" widget="statusbar" statusbar_visible="draft,cancel,done" statusbar_colors='{"draft":"blue","cancel":"blue"}'/>
				</tree>
			</field>
		</record>
		

		<record id="view_tpt_blanket_order_form_vew" model="ir.ui.view">
            <field name="name">tpt.blanket.order.form</field>
            <field name="model">tpt.blanket.order</field>
            <field name="arch" type="xml">
	            <form string="Blanket Order" version="7.0">
	            <header>
	            		<button name="bt_approve" states='draft' string="Cancel" type="object" class="oe_highlight" />
	                    <button name="bt_cancel" states='draft' string="Cancel" type="object" class="oe_highlight" />
	                    <field name="state" widget="statusbar" statusbar_visible="draft,cancel,done" statusbar_colors='{"draft":"blue","cancel":"blue"}'/>
	            </header>    
	            	<sheet>
                    <h1>
                    	<label for ="name" />
                        <field name="name" nolabel="1" />
                    </h1>
                    <group>
                    	<group >
                    	<field name="customer_id" on_change = "onchange_customer_id(customer_id)" options="{'create': false, 'create_edit': false}"/>
                    	<label for="invoice_address" />
                    	<div>
                    		<field name="invoice_address" placeholder="Street..."/>
                    		<field name="street2"/>
                    		<field name="city" placeholder="City"/>
                    		<field name="country_id" placeholder="Country" options="{'create': false, 'create_edit': false}"/>
                    		<field name="state_id" placeholder="State" options="{'create': false, 'create_edit': false}"/>
                    		<field name="zip" placeholder="ZIP"/>
                    	</div>
                    	<field name="document_type" />
                    	<field name="payment_term_id" options="{'create': false, 'create_edit': false}"/>
                    	<field name="currency_id" options="{'create': false, 'create_edit': false}"/>
                    	<field name="incoterm_id" options="{'create': false, 'create_edit': false}"/>
                    	<field name="excise_duty_id" domain="[('type_tax_use','=','excise_duty')]" options="{'create': false, 'create_edit': false}"/>
                    	</group>
                      
						<group>
						<field name="bo_date" />
						<field name="po_date" />
						<field name="po_number" />
						<field name="exp_delivery_date" />
						<field name="quotaion_no" />
						<field name="channel" options="{'create': false, 'create_edit': false}"/>
						<field name="sale_tax_id" domain="[('type_tax_use','=','sale')]" options="{'create': false, 'create_edit': false}"/>
						<field name="order_type" />
						<field name="reason" />
						
						</group>
						
					</group>
						<notebook>
							<page string = "Order Lines">
								<field name="blank_order_line" nolabel='1'>
									<tree editable='top'>
										<field name="product_id" widget = "selection" on_change="onchange_product_id(product_id)" options="{'create': false, 'create_edit': false}"/>
										<field name="description"/>
										<field name="product_type" />
										<field name="application_id" options="{'create': false, 'create_edit': false}"/>
										<field name="product_uom_qty" />
										<field name="uom_po_id" edit='false' options="{'create': false, 'create_edit': false}"/>
										<field name="price_unit" />
										<field name="sub_total" />  
										<field name="freight" />
									</tree>
								</field>
								<group class="oe_subtotal_footer oe_right" colspan="2" name="sale_total">
                                	<field name="amount_untaxed" widget="monetary" />
                                	<field name="amount_tax" widget="monetary" />     
                                		<div class="oe_subtotal_footer_separator oe_inline">
                                     		<label for="amount_total"/>  
                                		</div>
                                 	<field name="amount_total" nolabel="1" class="oe_subtotal_footer_separator" widget="monetary" />  
                            	</group>  
                            	<div class="oe_clear"/>  
							</page>
							<page string = "Consignee">
								<field name="blank_consignee_line" nolabel='1'>
									<tree editable='top'>
										<field name="name_consignee_id" options="{'create': false, 'create_edit': false}"/>
										<field name="location" />
										<field name="product_id" widget = "selection" on_change="onchange_product_id(product_id)" options="{'create': false, 'create_edit': false}"/>
										<field name="product_uom_qty" />
										<field name="uom_po_id" options="{'create': false, 'create_edit': false}"/>
									</tree>
								</field>
							</page>
						
						</notebook>
						
		         	</sheet>
		         </form>
			</field>
		</record>
          
		<record id="action_tpt_blanket_order_form" model="ir.actions.act_window">
            <field name="name">Blanket Order</field>
            <field name="type">ir.actions.act_window</field>
            <field name="res_model">tpt.blanket.order</field>
            <field name="view_type">form</field>
            <field name="view_mode">tree,form</field>
            <field name="view_id" ref="view_tpt_blanket_order_tree_vew"/>
        </record>
        
        <menuitem id="menu_hr_sale_management" parent="base.menu_base_partner" name="Sale Management" sequence="1"/>
        <menuitem action="action_tpt_blanket_order_form"
            id="menu_action_tpt_blanket_order_form"
            parent="menu_hr_sale_management" sequence="0"/>
            
        <record id="view_tpt_test_report_tree_vew" model="ir.ui.view">
			<field name="name">tpt.test.report.tree</field>
			<field name="model">tpt.test.report</field>
			<field name="arch" type="xml">
				<tree string="Test Report">
						<field name="name"/>
						<field name="grade"/>
						<field name="ph"/>
						<field name="moisture"/>
						<field name="iron"/>
						<field name="purity"/>
						<field name="ferric"/>
						<field name="acid"/>
				</tree>
			</field>
		</record>

		<record id="view_tpt_test_report_form_vew" model="ir.ui.view">
            <field name="name">tpt.test.report.form</field>
            <field name="model">tpt.test.report</field>
            <field name="arch" type="xml">
	            <form string="Test Report" version="7.0">   
	            	<sheet>
		                <group > 
						<field name="name"/>
						<field name="grade"/>
						<field name="ph"/>
						<field name="moisture"/>
						<field name="iron"/>
						<field name="purity"/>
						<field name="ferric"/>
						<field name="acid"/>
						</group>
				    </sheet>
		         </form>
			</field>
		</record>
          
		<record id="action_view_tpt_test_report_form" model="ir.actions.act_window">
            <field name="name">Test Report</field>
            <field name="type">ir.actions.act_window</field>
            <field name="res_model">tpt.test.report</field>
            <field name="view_type">form</field>
            <field name="view_mode">tree,form</field>
            <field name="view_id" ref="view_tpt_test_report_tree_vew"/>
        </record>
        
        <menuitem action="action_view_tpt_test_report_form"
            id="menu_action_view_tpt_test_report_form"
            parent="menu_hr_sale_management" sequence="5"/>						

        <record id="view_tpt_batch_request_tree_vew" model="ir.ui.view">
			<field name="name">tpt.batch.request.tree</field>
			<field name="model">tpt.batch.request</field>
			<field name="arch" type="xml">
				<tree string="Batch Request">
						<field name="name"/>
						<field name="sale_order_id"/>
						<field name="customer_id"/>
						<field name="request_date"/>
						<field name="description"/>
				</tree>
			</field>
		</record>
		
		<record id="view_tpt_batch_request_form_vew" model="ir.ui.view">
            <field name="name">tpt.batch.request.form</field>
            <field name="model">tpt.batch.request</field>
            <field name="arch" type="xml">
	            <form string="Batch Request" version="7.0">   
	            	<sheet>
		                <group>    
						<field name="name"/>
						<field name="sale_order_id"/>
						<field name="customer_id"/>
						<field name="request_date"/>
						<field name="description"/>
						</group>
						<notebook>
							<page string = "Product Information">
								<field name="product_information_line" nolabel='1'>
									<tree editable='top'>
										<field name="product_id" widget = "selection" on_change="onchange_product_id(product_id)" options="{'create': false, 'create_edit': false}"/>
										<field name="product_type" />
										<field name="application_id" options="{'create': false, 'create_edit': false}"/>
										<field name="product_uom_qty" />
										<field name="uom_po_id" edit='false' options="{'create': false, 'create_edit': false}"/>
									</tree>
								</field>
							</page>
						</notebook>
		         	</sheet>
		         </form>
			</field>
		</record>
          
		<record id="action_tpt_batch_request_form" model="ir.actions.act_window">
            <field name="name">Batch Request</field>
            <field name="type">ir.actions.act_window</field>
            <field name="res_model">tpt.batch.request</field>
            <field name="view_type">form</field>
            <field name="view_mode">tree,form</field>
            <field name="view_id" ref="view_tpt_batch_request_tree_vew"/>
        </record>
        
        <menuitem action="action_tpt_batch_request_form"
            id="menu_action_tpt_batch_request_form"
            parent="menu_hr_sale_management" sequence="2"/>
            
            
     <record id="view_tpt_form_403_tree_vew" model="ir.ui.view">
			<field name="name">tpt.form.403.tree</field>
			<field name="model">tpt.form.403</field>
			<field name="arch" type="xml">
				<tree string="Form 403">
						<field name="name"/>
						<field name="from_place"/>
						<field name="to_place"/>
						<field name="from_district"/>
						<field name="to_district"/>
						
				</tree>
			</field>
		</record> 
		
		<record id="view_tpt_form_403_form_vew" model="ir.ui.view">
            <field name="name">tpt.form.403.form</field>
            <field name="model">tpt.form.403</field>
            <field name="arch" type="xml">
	            <form string="Form 403" version="7.0">   
	            	<sheet>
		                <group col="1">  
		                	<group col="4" colspan="2">
		                		<field name="from_place"/>
								<field name="from_district"/>
								<field name="to_place"/>
								<field name="to_district"/>
								<field name="name" required = "1" domain="[('state','!=','draft')]" options="{'create': false, 'create_edit': false}"/>
								<field name="date"/>
		                	</group>
		                	<group string="Consignor's Details">
		                		<group>
		                			<field name="consignor_name" />
		                		</group>
		                		
		                		<group >
			                    	<label for="consignor_street" string="Address"/>
			                    	<div>
			                    		<field name="consignor_street" placeholder="Street..."/>
			                    		<field name="consignor_street2"/>
			                    		<field name="consignor_city" placeholder="City"/>
			                    		<field name="consignor_country_id" placeholder="Country" options="{'create': false, 'create_edit': false}"/>
			                    		<field name="consignor_state_id" placeholder="State" options="{'create': false, 'create_edit': false}"/>
			                    		<field name="consignor_zip" placeholder="ZIP"/>
			                    	</div>
		                    	</group>
		                    	<group>
		                			<field name="consignor_tel" />
		                			<field name="consignor_certi_no" />
		                			<field name="consignor_cst_no" />
		                		</group>
		                		<group>
		                			<field name="consignor_fax" />
			                    	<field name="consignor_date_1" />
			                    	<field name="consignor_date_2" />
		                		</group>
		                	</group>
		                	<group string="Nature of Transaction">
		                		<group col="4" colspan="2">
		                			<field name="inter_state" />
		                			<field name="tranfer" />
		                			<field name="deport_tranfer" />
		                			<field name="consigment" />
		                			<field name="job_work" />
		                			<field name="any_other" />
		                		</group>
		                	</group>
		                	<group string="Transporter’s Details">
		                		<group>
		                			<field name="transporter_name" />
		                			<field name="transporter_owner" />
		                			<field name="transporter_vehicle_no" />
		                		</group>
		                		<group >
			                    	<label for="transporter_street" string="Address" />
			                    	<div>
			                    		<field name="transporter_street" placeholder="Street..."/>
			                    		<field name="transporter_street2"/>
			                    		<field name="transporter_city" placeholder="City"/>
			                    		<field name="transporter_country_id" placeholder="Country" options="{'create': false, 'create_edit': false}"/>
			                    		<field name="transporter_state_id" placeholder="State" options="{'create': false, 'create_edit': false}"/>
			                    		<field name="transporter_zip" placeholder="ZIP"/>
			                    	</div>
		                    	</group>
		                	</group>
		                	<group string="Driver's Details">
		                		<group>
		                			<field name="driver_name" />
		                			<field name="driver_licence" />
		                			<field name="driver_issuing" />
		                		</group>
		                		<group >
			                    	<label for="driver_street" string="Address" />
			                    	<div>
			                    		<field name="driver_street" placeholder="Street..."/>
			                    		<field name="driver_street2"/>
			                    		<field name="driver_city" placeholder="City"/>
			                    		<field name="driver_country_id" placeholder="Country" options="{'create': false, 'create_edit': false}"/>
			                    		<field name="driver_state_id" placeholder="State" options="{'create': false, 'create_edit': false}"/>
			                    		<field name="driver_zip" placeholder="ZIP"/>
			                    	</div>
		                    	</group>
		                	</group>
		                	<group string="In charge of Goods">
		                		<group >
		                			<field name="good_name" />
			                    	<label for="good_street" string="Address" />
			                    	<div>
			                    		<field name="good_street" placeholder="Street..."/>
			                    		<field name="good_street2"/>
			                    		<field name="good_city" placeholder="City"/>
			                    		<field name="good_country_id" placeholder="Country" options="{'create': false, 'create_edit': false}"/>
			                    		<field name="good_state_id" placeholder="State" options="{'create': false, 'create_edit': false}"/>
			                    		<field name="good_zip" placeholder="ZIP"/>
			                    	</div>
		                    	</group>
		                    	<group>
		                			<field name="good_designation" />
		                		</group>
		                	</group>
		                	<group string="For Commercial tax Department/Check Post">
		                		<group >
		                			<field name="entry_no" />
		                			<field name="arrival" />
		                			<field name="reason" />
		                    	</group>
		                    	<group>
		                			<field name="departure" />
		                			<field name="result" />
		                		</group>
		                	</group>                
						</group>
						<notebook>
							<page string = "Consignee">
								<group col="4" colspan="2">
									<group >
				                    	<label for="consignee_street" string="Address" />
				                    	<div>
				                    		<field name="consignee_street" placeholder="Street..."/>
				                    		<field name="consignee_street2"/>
				                    		<field name="consignee_city" placeholder="City"/>
				                    		<field name="consignee_country_id" placeholder="Country" options="{'create': false, 'create_edit': false}"/>
				                    		<field name="consignee_state_id" placeholder="State" options="{'create': false, 'create_edit': false}"/>
				                    		<field name="consignee_zip" placeholder="ZIP"/>
				                    	</div>
				                    	<field name="consignee_value" />
			                    	</group>
			                    	<group>
			                			<field name="consignee_certi_no" />
			                			<field name="consignee_cst_no" />
			                		</group>
		                		</group>
								<field name="consignee_line" nolabel='1'>
									<tree editable='bottom'>
										<field name="number" />
										<field name="description" />
										<field name="commodity" />
										<field name="unity_code" />
										<field name="rate_of_tax" />
										<field name="value" />
									</tree>
								</field>
							</page>
						</notebook>
		         	</sheet>
		         </form>
			</field>
		</record>
          
		<record id="action_view_tpt_form_403_form" model="ir.actions.act_window">
            <field name="name">Form 403</field>
            <field name="type">ir.actions.act_window</field>
            <field name="res_model">tpt.form.403</field>
            <field name="view_type">form</field>
            <field name="view_mode">tree,form</field>
            <field name="view_id" ref="view_tpt_form_403_tree_vew"/>
        </record>
        
        <menuitem action="action_view_tpt_form_403_form"
            id="menu_action_view_tpt_form_403_form"
            parent="menu_hr_sale_management" sequence="13"/>

		<record id="tpt_form_are_3_tree_vew" model="ir.ui.view">
			<field name="name">tpt.form.are.3.tree</field>
			<field name="model">tpt.form.are.3</field>
			<field name="arch" type="xml">
				<tree string="Form A.R.E - 3">
						<field name="name"/>
						<field name="date"/>
						<field name="division_from"/>
						<field name="division_to"/>
						<field name="warehouse_from"/>
						<field name="warehouse_to"/>
				</tree>
			</field>
		</record>      
            
		<record id="tpt_form_are_3_form_vew" model="ir.ui.view">
            <field name="name">tpt.form.are.3.form</field>
            <field name="model">tpt.form.are.3</field>
            <field name="arch" type="xml">
	            <form string="Form A.R.E - 3" version="7.0">   
	            	<sheet>
	            		<group col="4" colspan="2">
	            			<group>
	            				<field name="name" />
	            				<field name="range_from" />
	            				<field name="reg_no_from" />
	            				<field name="division_from" />
	            				<field name="warehouse_from" />
	            				<field name="to_mr_mess" />
	            				<field name="invoice_no_id" />
	            			</group>
	            			<group>
	            				<field name="date" />
	            				<field name="range_to" />
	            				<field name="reg_no_to" />
	            				<field name="division_to" />
	            				<field name="warehouse_to" />
	            			</group>
	            		</group>
	            		<notebook>
							<page string = "Goods Detail">
								<group col="4" colspan="2">
									<group>
										<field name="warehouse_register" />
			            				<field name="good_description" />
			            				<field name="gross_weight" />
			            				<label for="good_qty"/>
			            				<div>
			            				<field name="good_qty" class="oe_inline"/> MT
			            				</div>
			            				<field name="value" />
			            				<field name="remarks" />
									</group>
									<group>
										<field name="warehouse_date" />
			            				<field name="package_description" />
			            				<field name="marks_package" />
			            				<field name="warehousing_date" />
			            				<field name="tranport" />
			            				<field name="invoiced_date" />
									</group>
								</group>
							</page>
							<page string = "Duty Rate">
								<field name="duty_rate_line" nolabel='1'>
									<tree editable='bottom'>
										<field name="duty_rate" />
										<field name="amount_usd" />
										<field name="amount_inr" />
									</tree>
								</field>
							</page>
						</notebook>
	            	</sheet>
		         </form>
			</field>
		</record>   
		
		<record id="action_tpt_form_are_3_form_vew" model="ir.actions.act_window">
            <field name="name">Form A.R.E - 3</field>
            <field name="type">ir.actions.act_window</field>
            <field name="res_model">tpt.form.are.3</field>
            <field name="view_type">form</field>
            <field name="view_mode">tree,form</field>
            <field name="view_id" ref="tpt_form_are_3_tree_vew"/>
        </record>
        
        <menuitem action="action_tpt_form_are_3_form_vew"
            id="menu_action_action_tpt_form_are_3_form_vew"
            parent="menu_hr_sale_management" sequence="15"/>                     
            
        <record id="tpt_view_res_partner_form" model="ir.ui.view">
            <field name="name">tpt.res.partner.form</field>
            <field name="model">res.partner</field>
            <field name="inherit_id" ref="base.view_partner_form"/>	
            <field name="arch" type="xml">
                <xpath expr="//page[@string='Contacts']" position="before" >
                	<page string = "Consignee">
						<field name="consignee_line" mode="kanban">
							<kanban>
                                <field name="color"/>
                                <field name="name"/>
                                <field name="title"/>
                                <field name="email"/>
                                <field name="parent_id"/>
                                <field name="is_company"/>
                                <field name="function"/>
                                <field name="phone"/>
                                <field name="street"/>
                                <field name="street2"/>
                                <field name="zip"/>
                                <field name="city"/>
                                <field name="country_id"/>
                                <field name="mobile"/>
                                <field name="fax"/>
                                <field name="state_id"/>
                                <field name="has_image"/>
                                <templates>
                                    <t t-name="kanban-box">
                                        <t t-set="color" t-value="kanban_color(record.color.raw_value)"/>
                                        <div t-att-class="color + (record.title.raw_value == 1 ? ' oe_kanban_color_alert' : '')" style="position: relative">
                                            <a t-if="! read_only_mode" type="delete" style="position: absolute; right: 0; padding: 4px; diplay: inline-block">X</a>
                                            <div class="oe_module_vignette">
                                            <a type="open">
                                                <t t-if="record.has_image.raw_value === true">
                                                    <img t-att-src="kanban_image('res.partner', 'image', record.id.value, {'preview_image': 'image_small'})" class="oe_avatar oe_kanban_avatar_smallbox"/>
                                                </t>
                                                <t t-if="record.image and record.image.raw_value !== false">
                                                    <img t-att-src="'data:image/png;base64,'+record.image.raw_value" class="oe_avatar oe_kanban_avatar_smallbox"/>
                                                </t>
                                                <t t-if="record.has_image.raw_value === false and (!record.image or record.image.raw_value === false)">
                                                    <t t-if="record.is_company.raw_value === true">
                                                        <img t-att-src='_s + "/base/static/src/img/company_image.png"' class="oe_kanban_image oe_kanban_avatar_smallbox"/>
                                                    </t>
                                                    <t t-if="record.is_company.raw_value === false">
                                                        <img t-att-src='_s + "/base/static/src/img/avatar.png"' class="oe_kanban_image oe_kanban_avatar_smallbox"/>
                                                    </t>
                                                </t>
                                            </a>
                                                <div class="oe_module_desc">
                                                    <div class="oe_kanban_box_content oe_kanban_color_bglight oe_kanban_color_border">
                                                        <table class="oe_kanban_table">
                                                            <tr>
                                                                <td class="oe_kanban_title1" align="left" valign="middle">
                                                                    <h4><a type="open"><field name="name"/></a></h4>
                                                                    <i><div t-if="record.function.raw_value">
                                                                        <field name="function"/></div></i>
                                                                    <div><a t-if="record.email.raw_value" title="Mail" t-att-href="'mailto:'+record.email.value">
                                                                        <field name="email"/>
                                                                    </a></div>
                                                                    <div t-if="record.phone.raw_value">Phone: <field name="phone"/></div>
                                                                    <div t-if="record.mobile.raw_value">Mobile: <field name="mobile"/></div>
                                                                    <div t-if="record.fax.raw_value">Fax: <field name="fax"/></div>
                                                                </td>
                                                            </tr>
                                                        </table>
                                                    </div>
                                                </div>
                                            </div>
                                        </div>
                                    </t>
                                </templates>
                            </kanban>
                            <form string="Contact" version="7.0">
                                <sheet>
                                    <field name="image" widget='image' class="oe_avatar oe_left" options='{"preview_image": "image_medium"}'/>
                                    <div class="oe_title">
                                        <label for="name" class="oe_edit_only"/>
                                        <h1><field name="name" style="width: 70%%"/></h1>
                                    </div>
                                    <group>
                                    	<group>
		                                    <label for="street" string="Address"/>
		                                        <div>
		                                            <field name="street" placeholder="Street..."/>
		                                            <field name="street2"/>
		                                            <div class="address_format">
		                                                <field name="city" placeholder="City" style="width: 40%%"/>
		                                                <field name="state_id" class="oe_no_button" placeholder="State" style="width: 37%%" options='{"no_open": True}' on_change="onchange_state(state_id)"/>
		                                                <field name="zip" placeholder="ZIP" style="width: 20%%"/>
		                                            </div>
		                                            <field name="country_id" placeholder="Country" class="oe_no_button" options='{"no_open": True}'/>
		                                        </div>
                                        		<field name="bill_location"/>
                                    	</group>
                                    	<group>
                                        <field name="phone"/>
                                        <field name="mobile"/>
                                        <field name="email"/>
                                        <field name="fax"/>
                                        <field name="shipping_location"/>
                                   		</group>
                                   	</group>
                                </sheet>
                            </form>
						</field>
					</page>
	        	</xpath>
        
            </field>
        </record> 
        
        <record id="tpt_view_batch_allotment_form" model="ir.ui.view">
            <field name="model">tpt.batch.allotment</field>
            <field name="arch" type="xml">
                <form string="Batch Allotment" version="7.0">
                   <header>
                     <button string="Approved" name="confirm" states="to_approve,refuse" type="object" class="oe_highlight"/>
                     <button string="Refused" name="refuse" states="to_approve,confirm" type="object" class="oe_highlight"/>
                     <button string="Cancelled" name="cancelled" states="to_approve,confirm,refuse" type="object" class="oe_highlight"/>
                     <field name="state" widget="statusbar" statusbar_colors='{"confirm":"blue","to_approve":"blue","refuse":"red"}'/>
                    </header>
                   <sheet>
                   		<group>
                        	<field name="batch_request_id" options="{'create': false, 'create_edit': false}" on_change="onchange_batch_request_id(batch_request_id)" attrs="{'readonly':[('state','in',('cancel','confirm'))]}"/>
                    		<field name="name" attrs="{'readonly':[('state','in',('cancel','confirm'))]}"/>
                    		<field name="sale_order_id" options="{'create': false, 'create_edit': false}" attrs="{'readonly':[('state','in',('cancel','confirm'))]}"/>
                    		<field name="customer_id" options="{'create': false, 'create_edit': false}" attrs="{'readonly':[('state','in',('cancel','confirm'))]}"/>
                    		<field name="description" attrs="{'readonly':[('state','in',('cancel','confirm'))]}"/>
	                    </group>
	                    <notebook>
		                    <page string="Product Information" autofocus="autofocus">
	                            <field name="batch_allotment_line" nolabel='1' attrs="{'readonly':[('state','in',('cancel','confirm'))]}">
	                            	<tree editable='top'>
	                            		<field name="product_id" widget = "selection" options="{'create': false, 'create_edit': false}"/>
										<field name="product_type" />
										<field name="application_id" options="{'create': false, 'create_edit': false}"/>
										<field name="product_uom_qty" on_change="onchange_sys_batch(sys_batch,product_uom_qty)"/>
										<field name="uom_po_id" edit='false' options="{'create': false, 'create_edit': false}"/>
										<field name="sys_batch" domain="[('product_id','=',product_id)]" options="{'create': false, 'create_edit': false}" on_change="onchange_sys_batch(sys_batch,product_uom_qty,parent.batch_allotment_line)"/>
										<field name="phy_batch"/>
	                                </tree>
	                            </field>
	                        </page>
                       </notebook>
                  </sheet>
                </form>
            </field>
        </record>
        <record id="tpt_view_batch_allotment_tree" model="ir.ui.view">
            <field name="model">tpt.batch.allotment</field>
            <field name="arch" type="xml">
                <tree string="Batch Allotment">
                    <field name="batch_request_id"/>
                    <field name="name"/>
                    <field name="state"/>
                </tree>
            </field>
        </record>
        <record id="tpt_action_batch_allotment" model="ir.actions.act_window">
            <field name="name">Batch Allotment</field>
            <field name="type">ir.actions.act_window</field>
            <field name="res_model">tpt.batch.allotment</field>
            <field name="view_type">form</field>
            <field name="view_mode">tree,form</field>
            <field name="view_id" ref="tpt_view_batch_allotment_tree"/>
        </record>
        <menuitem action="tpt_action_batch_allotment" id="tpt_menu_batch_allotment" parent="menu_hr_sale_management" sequence="10"/>
        
        <record id="view_tpt_pgi_form" model="ir.ui.view">
            <field name="model">tpt.pgi</field>
            <field name="arch" type="xml">
                <form string="Post Goods Issue" version="7.0">
                   <sheet>
                   		<group>
                        	<!--<field name="do_id" options="{'create': false, 'create_edit': false}"/>-->
                    		<field name="customer_id" options="{'create': false, 'create_edit': false}"/>
                    		<field name="name"/>
                    		<field name="warehouse"/>
	                    </group>
	                    <notebook>
		                    <page string="Product" autofocus="autofocus">
	                            <field name="batch_allotment_line" nolabel='1' >
	                            	<tree editable='top'>
	                            		<field name="product_id" widget = "selection" options="{'create': false, 'create_edit': false}"/>
										<field name="product_type"/>
										<field name="application_id" options="{'create': false, 'create_edit': false}"/>
										<field name="product_uom_qty"/>
										<field name="uom_po_id" edit='false' options="{'create': false, 'create_edit': false}"/>
										<field name="sys_batch" options="{'create': false, 'create_edit': false}" on_change="onchange_sys_batch(sys_batch)"/>
										<field name="phy_batch"/>
	                                </tree>
	                            </field>
	                        </page>
                       </notebook>
                  </sheet>
                </form>
            </field>
        </record>
        <record id="view_tpt_pgi_tree" model="ir.ui.view">
            <field name="model">tpt.pgi</field>
            <field name="arch" type="xml">
                <tree string="Post Goods Issue">
                    <!--<field name="do_id"/>-->
            		<field name="customer_id"/>
            		<field name="name"/>
            		<field name="warehouse"/>
                </tree>
            </field>
        </record>
        <record id="action_tpt_pgi" model="ir.actions.act_window">
            <field name="name">Post Goods Issue</field>
            <field name="type">ir.actions.act_window</field>
            <field name="res_model">tpt.pgi</field>
            <field name="view_type">form</field>
            <field name="view_mode">tree,form</field>
            <field name="view_id" ref="view_tpt_pgi_tree"/>
        </record>
        <menuitem action="action_tpt_pgi" id="menu_tpt_pgi" parent="menu_hr_sale_management" sequence="13"/>
        
        <record id="stock_production_lot_form" model="ir.ui.view">
            <field name="name">stock.production.lot.form</field>
            <field name="model">stock.production.lot</field>
            <field name="inherit_id" ref="stock.view_production_lot_form"/>
            <field name="arch" type="xml">
                <xpath expr="//field[@name='product_id']"  position="after" >
                	<field name="phy_batch_no"/>
                </xpath>
            </field>
        </record> 
    </data>
</openerp>
